Name,in:X方向スパン数 (マス1),in:Y方向スパン数 (マス1),in:柱種別数,in:大梁種別数,in:最大梁せい (低層),in:床荷重方向,out:鋼材重量（kg）,img,threeD
1,３ (10 m),３ (8.33 m),4,8,300,X方向,120854,http://ec2-3-19-47-35.us-east-2.compute.amazonaws.com/data/test/png/3-3-X.png,http://ec2-3-19-47-35.us-east-2.compute.amazonaws.com/data/test/json/3d_4.json
2,３ (10 m),３ (8.33 m),4,16,300,X方向,121554,http://ec2-3-19-47-35.us-east-2.compute.amazonaws.com/data/test/png/3-3-X.png,http://ec2-3-19-47-35.us-east-2.compute.amazonaws.com/data/test/json/3d_3.json
3,３ (10 m),３ (8.33 m),8,8,300,X方向,124954,http://ec2-3-19-47-35.us-east-2.compute.amazonaws.com/data/test/png/3-3-X.png,http://ec2-3-19-47-35.us-east-2.compute.amazonaws.com/data/test/json/3d_2.json
4,３ (10 m),３ (8.33 m),8,16,300,X方向,115254,http://ec2-3-19-47-35.us-east-2.compute.amazonaws.com/data/test/png/3-3-X.png,http://ec2-3-19-47-35.us-east-2.compute.amazonaws.com/data/test/json/3d_1.json
5,４ (7.5 m),４ (6.25 m),8,16,300,X方向,115254,http://ec2-3-19-47-35.us-east-2.compute.amazonaws.com/data/test/png/3-3-X.png,http://ec2-3-19-47-35.us-east-2.compute.amazonaws.com/data/test/json/3d_7.json
6,４ (7.5 m),４ (6.25 m),8,8,300,X方向,124954,http://ec2-3-19-47-35.us-east-2.compute.amazonaws.com/data/test/png/3-3-X.png,http://ec2-3-19-47-35.us-east-2.compute.amazonaws.com/data/test/json/3d_8.json
7,４ (7.5 m),４ (6.25 m),4,16,300,X方向,121554,http://ec2-3-19-47-35.us-east-2.compute.amazonaws.com/data/test/png/3-3-X.png,http://ec2-3-19-47-35.us-east-2.compute.amazonaws.com/data/test/json/3d_9.json
8,４ (7.5 m),４ (6.25 m),4,8,300,X方向,120854,http://ec2-3-19-47-35.us-east-2.compute.amazonaws.com/data/test/png/3-3-X.png,http://ec2-3-19-47-35.us-east-2.compute.amazonaws.com/data/test/json/3d_10.json
9,４ (7.5 m),４ (6.25 m),8,16,300,Y方向,115254,http://ec2-3-19-47-35.us-east-2.compute.amazonaws.com/data/test/png/3-3-Y.png,http://ec2-3-19-47-35.us-east-2.compute.amazonaws.com/data/test/json/3d_11.json
10,４ (7.5 m),４ (6.25 m),8,8,300,Y方向,124954,http://ec2-3-19-47-35.us-east-2.compute.amazonaws.com/data/test/png/3-3-Y.png,http://ec2-3-19-47-35.us-east-2.compute.amazonaws.com/data/test/json/3d_12.json
11,４ (7.5 m),４ (6.25 m),4,16,300,Y方向,121554,http://ec2-3-19-47-35.us-east-2.compute.amazonaws.com/data/test/png/3-3-Y.png,http://ec2-3-19-47-35.us-east-2.compute.amazonaws.com/data/test/json/3d_13.json
12,４ (7.5 m),４ (6.25 m),4,8,300,Y方向,120854,http://ec2-3-19-47-35.us-east-2.compute.amazonaws.com/data/test/png/3-3-Y.png,http://ec2-3-19-47-35.us-east-2.compute.amazonaws.com/data/test/json/3d_14.json
13,４ (7.5 m),４ (6.25 m),8,16,300,市松方向-1,115254,http://ec2-3-19-47-35.us-east-2.compute.amazonaws.com/data/test/png/3-3-XY-1.png,http://ec2-3-19-47-35.us-east-2.compute.amazonaws.com/data/test/json/3d_15.json
14,４ (7.5 m),４ (6.25 m),8,8,300,市松方向-1,124954,http://ec2-3-19-47-35.us-east-2.compute.amazonaws.com/data/test/png/3-3-XY-1.png,http://ec2-3-19-47-35.us-east-2.compute.amazonaws.com/data/test/json/3d_16.json
15,４ (7.5 m),４ (6.25 m),4,16,300,市松方向-1,121554,http://ec2-3-19-47-35.us-east-2.compute.amazonaws.com/data/test/png/3-3-XY-1.png,http://ec2-3-19-47-35.us-east-2.compute.amazonaws.com/data/test/json/3d_17.json
16,４ (7.5 m),４ (6.25 m),4,8,300,市松方向-1,120854,http://ec2-3-19-47-35.us-east-2.compute.amazonaws.com/data/test/png/3-3-XY-1.png,http://ec2-3-19-47-35.us-east-2.compute.amazonaws.com/data/test/json/3d_18.json
17,４ (7.5 m),４ (6.25 m),8,16,300,市松方向-2,115254,http://ec2-3-19-47-35.us-east-2.compute.amazonaws.com/data/test/png/3-3-XY-2.png,http://ec2-3-19-47-35.us-east-2.compute.amazonaws.com/data/test/json/3d_19.json
18,４ (7.5 m),４ (6.25 m),8,8,300,市松方向-2,124954,http://ec2-3-19-47-35.us-east-2.compute.amazonaws.com/data/test/png/3-3-XY-2.png,http://ec2-3-19-47-35.us-east-2.compute.amazonaws.com/data/test/json/3d_20.json
19,４ (7.5 m),４ (6.25 m),4,16,300,市松方向-2,121554,http://ec2-3-19-47-35.us-east-2.compute.amazonaws.com/data/test/png/3-3-XY-2.png,http://ec2-3-19-47-35.us-east-2.compute.amazonaws.com/data/test/json/3d_21.json
20,４ (7.5 m),４ (6.25 m),4,8,300,市松方向-2,120854,http://ec2-3-19-47-35.us-east-2.compute.amazonaws.com/data/test/png/3-3-XY-2.png,http://ec2-3-19-47-35.us-east-2.compute.amazonaws.com/data/test/json/3d_22.json
21,４ (7.5 m),４ (6.25 m),8,16,500,X方向,115254,http://ec2-3-19-47-35.us-east-2.compute.amazonaws.com/data/test/png/3-3-X.png,http://ec2-3-19-47-35.us-east-2.compute.amazonaws.com/data/test/json/3d_23.json
22,４ (7.5 m),４ (6.25 m),8,8,500,X方向,124954,http://ec2-3-19-47-35.us-east-2.compute.amazonaws.com/data/test/png/3-3-X.png,http://ec2-3-19-47-35.us-east-2.compute.amazonaws.com/data/test/json/3d_24.json
23,４ (7.5 m),４ (6.25 m),4,16,500,X方向,121554,http://ec2-3-19-47-35.us-east-2.compute.amazonaws.com/data/test/png/3-3-X.png,http://ec2-3-19-47-35.us-east-2.compute.amazonaws.com/data/test/json/3d_25.json
24,４ (7.5 m),４ (6.25 m),4,8,500,X方向,120854,http://ec2-3-19-47-35.us-east-2.compute.amazonaws.com/data/test/png/3-3-X.png,http://ec2-3-19-47-35.us-east-2.compute.amazonaws.com/data/test/json/3d_26.json
25,４ (7.5 m),４ (6.25 m),8,16,500,Y方向,115254,http://ec2-3-19-47-35.us-east-2.compute.amazonaws.com/data/test/png/3-3-Y.png,http://ec2-3-19-47-35.us-east-2.compute.amazonaws.com/data/test/json/3d_27.json
26,４ (7.5 m),４ (6.25 m),8,8,500,Y方向,124954,http://ec2-3-19-47-35.us-east-2.compute.amazonaws.com/data/test/png/3-3-Y.png,http://ec2-3-19-47-35.us-east-2.compute.amazonaws.com/data/test/json/3d_28.json
27,４ (7.5 m),４ (6.25 m),4,16,500,Y方向,121554,http://ec2-3-19-47-35.us-east-2.compute.amazonaws.com/data/test/png/3-3-Y.png,http://ec2-3-19-47-35.us-east-2.compute.amazonaws.com/data/test/json/3d_29.json
28,４ (7.5 m),４ (6.25 m),4,8,500,Y方向,120854,http://ec2-3-19-47-35.us-east-2.compute.amazonaws.com/data/test/png/3-3-Y.png,http://ec2-3-19-47-35.us-east-2.compute.amazonaws.com/data/test/json/3d_30.json
29,４ (7.5 m),４ (6.25 m),8,16,500,市松方向-1,115254,http://ec2-3-19-47-35.us-east-2.compute.amazonaws.com/data/test/png/3-3-XY-1.png,http://ec2-3-19-47-35.us-east-2.compute.amazonaws.com/data/test/json/3d_31.json
30,４ (7.5 m),４ (6.25 m),8,8,500,市松方向-1,124954,http://ec2-3-19-47-35.us-east-2.compute.amazonaws.com/data/test/png/3-3-XY-1.png,http://ec2-3-19-47-35.us-east-2.compute.amazonaws.com/data/test/json/3d_32.json
31,４ (7.5 m),４ (6.25 m),4,16,500,市松方向-1,121554,http://ec2-3-19-47-35.us-east-2.compute.amazonaws.com/data/test/png/3-3-XY-1.png,http://ec2-3-19-47-35.us-east-2.compute.amazonaws.com/data/test/json/3d_33.json
32,４ (7.5 m),４ (6.25 m),4,8,500,市松方向-1,120854,http://ec2-3-19-47-35.us-east-2.compute.amazonaws.com/data/test/png/3-3-XY-1.png,http://ec2-3-19-47-35.us-east-2.compute.amazonaws.com/data/test/json/3d_34.json
33,４ (7.5 m),４ (6.25 m),8,16,500,市松方向-2,115254,http://ec2-3-19-47-35.us-east-2.compute.amazonaws.com/data/test/png/3-3-XY-2.png,http://ec2-3-19-47-35.us-east-2.compute.amazonaws.com/data/test/json/3d_35.json
34,４ (7.5 m),４ (6.25 m),8,8,500,市松方向-2,124954,http://ec2-3-19-47-35.us-east-2.compute.amazonaws.com/data/test/png/3-3-XY-2.png,http://ec2-3-19-47-35.us-east-2.compute.amazonaws.com/data/test/json/3d_36.json
35,４ (7.5 m),４ (6.25 m),4,16,500,市松方向-2,121554,http://ec2-3-19-47-35.us-east-2.compute.amazonaws.com/data/test/png/3-3-XY-2.png,http://ec2-3-19-47-35.us-east-2.compute.amazonaws.com/data/test/json/3d_37.json
36,４ (7.5 m),４ (6.25 m),4,8,500,市松方向-2,120854,http://ec2-3-19-47-35.us-east-2.compute.amazonaws.com/data/test/png/3-3-XY-2.png,http://ec2-3-19-47-35.us-east-2.compute.amazonaws.com/data/test/json/3d_38.json
37,３ (10 m),５ (5 m),8,16,300,X方向,124054,http://ec2-3-19-47-35.us-east-2.compute.amazonaws.com/data/test/png/3-5-X.png,http://ec2-3-19-47-35.us-east-2.compute.amazonaws.com/data/test/json/3d_5.json
38,３ (10 m),５ (5 m),8,8,300,X方向,119354,http://ec2-3-19-47-35.us-east-2.compute.amazonaws.com/data/test/png/3-5-X.png,http://ec2-3-19-47-35.us-east-2.compute.amazonaws.com/data/test/json/3d_6.json
39,３ (10 m),５ (5 m),4,16,300,X方向,117354,http://ec2-3-19-47-35.us-east-2.compute.amazonaws.com/data/test/png/3-5-X.png,http://ec2-3-19-47-35.us-east-2.compute.amazonaws.com/data/test/json/3d_7.json
40,３ (10 m),５ (5 m),4,8,300,X方向,125954,http://ec2-3-19-47-35.us-east-2.compute.amazonaws.com/data/test/png/3-5-X.png,http://ec2-3-19-47-35.us-east-2.compute.amazonaws.com/data/test/json/3d_8.json
41,５ (6 m),３ (8.33 m),8,16,300,X方向,115354,http://ec2-3-19-47-35.us-east-2.compute.amazonaws.com/data/test/png/5-3-X.png,http://ec2-3-19-47-35.us-east-2.compute.amazonaws.com/data/test/json/3d_9.json
42,５ (6 m),３ (8.33 m),8,8,300,X方向,121154,http://ec2-3-19-47-35.us-east-2.compute.amazonaws.com/data/test/png/5-3-X.png,http://ec2-3-19-47-35.us-east-2.compute.amazonaws.com/data/test/json/3d_10.json
43,５ (6 m),３ (8.33 m),4,16,300,X方向,120154,http://ec2-3-19-47-35.us-east-2.compute.amazonaws.com/data/test/png/5-3-X.png,http://ec2-3-19-47-35.us-east-2.compute.amazonaws.com/data/test/json/3d_11.json
44,５ (6 m),３ (8.33 m),4,8,300,X方向,124254,http://ec2-3-19-47-35.us-east-2.compute.amazonaws.com/data/test/png/5-3-X.png,http://ec2-3-19-47-35.us-east-2.compute.amazonaws.com/data/test/json/3d_12.json
45,５ (6 m),５ (5 m),8,16,300,X方向,116254,http://ec2-3-19-47-35.us-east-2.compute.amazonaws.com/data/test/png/5-5-X.png,http://ec2-3-19-47-35.us-east-2.compute.amazonaws.com/data/test/json/3d_13.json
46,５ (6 m),５ (5 m),8,8,300,X方向,116954,http://ec2-3-19-47-35.us-east-2.compute.amazonaws.com/data/test/png/5-5-X.png,http://ec2-3-19-47-35.us-east-2.compute.amazonaws.com/data/test/json/3d_14.json
47,５ (6 m),５ (5 m),4,16,300,X方向,125054,http://ec2-3-19-47-35.us-east-2.compute.amazonaws.com/data/test/png/5-5-X.png,http://ec2-3-19-47-35.us-east-2.compute.amazonaws.com/data/test/json/3d_15.json
48,５ (6 m),５ (5 m),4,8,300,X方向,116354,http://ec2-3-19-47-35.us-east-2.compute.amazonaws.com/data/test/png/5-5-X.png,http://ec2-3-19-47-35.us-east-2.compute.amazonaws.com/data/test/json/3d_16.json
49,３ (10 m),３ (8.33 m),8,16,300,Y方向,121454,http://ec2-3-19-47-35.us-east-2.compute.amazonaws.com/data/test/png/3-3-Y.png,http://ec2-3-19-47-35.us-east-2.compute.amazonaws.com/data/test/json/3d_17.json
50,３ (10 m),３ (8.33 m),8,8,300,Y方向,125754,http://ec2-3-19-47-35.us-east-2.compute.amazonaws.com/data/test/png/3-3-Y.png,http://ec2-3-19-47-35.us-east-2.compute.amazonaws.com/data/test/json/3d_18.json
51,３ (10 m),３ (8.33 m),4,16,300,Y方向,118854,http://ec2-3-19-47-35.us-east-2.compute.amazonaws.com/data/test/png/3-3-Y.png,http://ec2-3-19-47-35.us-east-2.compute.amazonaws.com/data/test/json/3d_19.json
52,３ (10 m),３ (8.33 m),4,8,300,Y方向,125554,http://ec2-3-19-47-35.us-east-2.compute.amazonaws.com/data/test/png/3-3-Y.png,http://ec2-3-19-47-35.us-east-2.compute.amazonaws.com/data/test/json/3d_20.json
53,３ (10 m),５ (5 m),8,16,300,Y方向,118754,http://ec2-3-19-47-35.us-east-2.compute.amazonaws.com/data/test/png/3-5-Y.png,http://ec2-3-19-47-35.us-east-2.compute.amazonaws.com/data/test/json/3d_21.json
54,３ (10 m),５ (5 m),8,8,300,Y方向,115954,http://ec2-3-19-47-35.us-east-2.compute.amazonaws.com/data/test/png/3-5-Y.png,http://ec2-3-19-47-35.us-east-2.compute.amazonaws.com/data/test/json/3d_22.json
55,３ (10 m),５ (5 m),4,16,300,Y方向,117454,http://ec2-3-19-47-35.us-east-2.compute.amazonaws.com/data/test/png/3-5-Y.png,http://ec2-3-19-47-35.us-east-2.compute.amazonaws.com/data/test/json/3d_23.json
56,３ (10 m),５ (5 m),4,8,300,Y方向,114354,http://ec2-3-19-47-35.us-east-2.compute.amazonaws.com/data/test/png/3-5-Y.png,http://ec2-3-19-47-35.us-east-2.compute.amazonaws.com/data/test/json/3d_24.json
57,５ (6 m),３ (8.33 m),8,16,300,Y方向,120454,http://ec2-3-19-47-35.us-east-2.compute.amazonaws.com/data/test/png/5-3-Y.png,http://ec2-3-19-47-35.us-east-2.compute.amazonaws.com/data/test/json/3d_25.json
58,５ (6 m),３ (8.33 m),8,8,300,Y方向,117754,http://ec2-3-19-47-35.us-east-2.compute.amazonaws.com/data/test/png/5-3-Y.png,http://ec2-3-19-47-35.us-east-2.compute.amazonaws.com/data/test/json/3d_26.json
59,５ (6 m),３ (8.33 m),4,16,300,Y方向,121854,http://ec2-3-19-47-35.us-east-2.compute.amazonaws.com/data/test/png/5-3-Y.png,http://ec2-3-19-47-35.us-east-2.compute.amazonaws.com/data/test/json/3d_27.json
60,５ (6 m),３ (8.33 m),4,8,300,Y方向,124454,http://ec2-3-19-47-35.us-east-2.compute.amazonaws.com/data/test/png/5-3-Y.png,http://ec2-3-19-47-35.us-east-2.compute.amazonaws.com/data/test/json/3d_28.json
61,５ (6 m),５ (5 m),8,16,300,Y方向,117254,http://ec2-3-19-47-35.us-east-2.compute.amazonaws.com/data/test/png/5-5-Y.png,http://ec2-3-19-47-35.us-east-2.compute.amazonaws.com/data/test/json/3d_29.json
62,５ (6 m),５ (5 m),8,8,300,Y方向,120354,http://ec2-3-19-47-35.us-east-2.compute.amazonaws.com/data/test/png/5-5-Y.png,http://ec2-3-19-47-35.us-east-2.compute.amazonaws.com/data/test/json/3d_30.json
63,５ (6 m),５ (5 m),4,16,300,Y方向,126954,http://ec2-3-19-47-35.us-east-2.compute.amazonaws.com/data/test/png/5-5-Y.png,http://ec2-3-19-47-35.us-east-2.compute.amazonaws.com/data/test/json/3d_31.json
64,５ (6 m),５ (5 m),4,8,300,Y方向,126254,http://ec2-3-19-47-35.us-east-2.compute.amazonaws.com/data/test/png/5-5-Y.png,http://ec2-3-19-47-35.us-east-2.compute.amazonaws.com/data/test/json/3d_32.json
65,３ (10 m),３ (8.33 m),8,16,300,市松方向-1,122954,http://ec2-3-19-47-35.us-east-2.compute.amazonaws.com/data/test/png/3-3-XY-1.png,http://ec2-3-19-47-35.us-east-2.compute.amazonaws.com/data/test/json/3d_33.json
66,３ (10 m),３ (8.33 m),8,8,300,市松方向-1,124154,http://ec2-3-19-47-35.us-east-2.compute.amazonaws.com/data/test/png/3-3-XY-1.png,http://ec2-3-19-47-35.us-east-2.compute.amazonaws.com/data/test/json/3d_34.json
67,３ (10 m),３ (8.33 m),4,16,300,市松方向-1,120754,http://ec2-3-19-47-35.us-east-2.compute.amazonaws.com/data/test/png/3-3-XY-1.png,http://ec2-3-19-47-35.us-east-2.compute.amazonaws.com/data/test/json/3d_35.json
68,３ (10 m),３ (8.33 m),4,8,300,市松方向-1,118054,http://ec2-3-19-47-35.us-east-2.compute.amazonaws.com/data/test/png/3-3-XY-1.png,http://ec2-3-19-47-35.us-east-2.compute.amazonaws.com/data/test/json/3d_36.json
69,３ (10 m),５ (5 m),8,16,300,市松方向-1,121054,http://ec2-3-19-47-35.us-east-2.compute.amazonaws.com/data/test/png/3-5-XY-1.png,http://ec2-3-19-47-35.us-east-2.compute.amazonaws.com/data/test/json/3d_37.json
70,３ (10 m),５ (5 m),8,8,300,市松方向-1,122754,http://ec2-3-19-47-35.us-east-2.compute.amazonaws.com/data/test/png/3-5-XY-1.png,http://ec2-3-19-47-35.us-east-2.compute.amazonaws.com/data/test/json/3d_38.json
71,３ (10 m),５ (5 m),4,16,300,市松方向-1,125654,http://ec2-3-19-47-35.us-east-2.compute.amazonaws.com/data/test/png/3-5-XY-1.png,http://ec2-3-19-47-35.us-east-2.compute.amazonaws.com/data/test/json/3d_39.json
72,３ (10 m),５ (5 m),4,8,300,市松方向-1,124754,http://ec2-3-19-47-35.us-east-2.compute.amazonaws.com/data/test/png/3-5-XY-1.png,http://ec2-3-19-47-35.us-east-2.compute.amazonaws.com/data/test/json/3d_40.json
73,５ (6 m),３ (8.33 m),8,16,300,市松方向-1,125354,http://ec2-3-19-47-35.us-east-2.compute.amazonaws.com/data/test/png/5-3-XY-1.png,http://ec2-3-19-47-35.us-east-2.compute.amazonaws.com/data/test/json/3d_41.json
74,５ (6 m),３ (8.33 m),8,8,300,市松方向-1,126354,http://ec2-3-19-47-35.us-east-2.compute.amazonaws.com/data/test/png/5-3-XY-1.png,http://ec2-3-19-47-35.us-east-2.compute.amazonaws.com/data/test/json/3d_42.json
75,５ (6 m),３ (8.33 m),4,16,300,市松方向-1,121254,http://ec2-3-19-47-35.us-east-2.compute.amazonaws.com/data/test/png/5-3-XY-1.png,http://ec2-3-19-47-35.us-east-2.compute.amazonaws.com/data/test/json/3d_43.json
76,５ (6 m),３ (8.33 m),4,8,300,市松方向-1,126854,http://ec2-3-19-47-35.us-east-2.compute.amazonaws.com/data/test/png/5-3-XY-1.png,http://ec2-3-19-47-35.us-east-2.compute.amazonaws.com/data/test/json/3d_44.json
77,５ (6 m),５ (5 m),8,16,300,市松方向-1,124854,http://ec2-3-19-47-35.us-east-2.compute.amazonaws.com/data/test/png/5-5-XY-1.png,http://ec2-3-19-47-35.us-east-2.compute.amazonaws.com/data/test/json/3d_45.json
78,５ (6 m),５ (5 m),8,8,300,市松方向-1,115654,http://ec2-3-19-47-35.us-east-2.compute.amazonaws.com/data/test/png/5-5-XY-1.png,http://ec2-3-19-47-35.us-east-2.compute.amazonaws.com/data/test/json/3d_46.json
79,５ (6 m),５ (5 m),4,16,300,市松方向-1,120554,http://ec2-3-19-47-35.us-east-2.compute.amazonaws.com/data/test/png/5-5-XY-1.png,http://ec2-3-19-47-35.us-east-2.compute.amazonaws.com/data/test/json/3d_47.json
80,５ (6 m),５ (5 m),4,8,300,市松方向-1,116054,http://ec2-3-19-47-35.us-east-2.compute.amazonaws.com/data/test/png/5-5-XY-1.png,http://ec2-3-19-47-35.us-east-2.compute.amazonaws.com/data/test/json/3d_48.json
81,３ (10 m),３ (8.33 m),8,16,300,市松方向-2,122554,http://ec2-3-19-47-35.us-east-2.compute.amazonaws.com/data/test/png/3-3-XY-2.png,http://ec2-3-19-47-35.us-east-2.compute.amazonaws.com/data/test/json/3d_49.json
82,３ (10 m),３ (8.33 m),8,8,300,市松方向-2,123354,http://ec2-3-19-47-35.us-east-2.compute.amazonaws.com/data/test/png/3-3-XY-2.png,http://ec2-3-19-47-35.us-east-2.compute.amazonaws.com/data/test/json/3d_50.json
83,３ (10 m),３ (8.33 m),4,16,300,市松方向-2,123454,http://ec2-3-19-47-35.us-east-2.compute.amazonaws.com/data/test/png/3-3-XY-2.png,http://ec2-3-19-47-35.us-east-2.compute.amazonaws.com/data/test/json/3d_51.json
84,３ (10 m),３ (8.33 m),4,8,300,市松方向-2,116854,http://ec2-3-19-47-35.us-east-2.compute.amazonaws.com/data/test/png/3-3-XY-2.png,http://ec2-3-19-47-35.us-east-2.compute.amazonaws.com/data/test/json/3d_52.json
85,３ (10 m),５ (5 m),8,16,300,市松方向-2,126454,http://ec2-3-19-47-35.us-east-2.compute.amazonaws.com/data/test/png/3-5-XY-2.png,http://ec2-3-19-47-35.us-east-2.compute.amazonaws.com/data/test/json/3d_53.json
86,３ (10 m),５ (5 m),8,8,300,市松方向-2,121654,http://ec2-3-19-47-35.us-east-2.compute.amazonaws.com/data/test/png/3-5-XY-2.png,http://ec2-3-19-47-35.us-east-2.compute.amazonaws.com/data/test/json/3d_54.json
87,３ (10 m),５ (5 m),4,16,300,市松方向-2,124654,http://ec2-3-19-47-35.us-east-2.compute.amazonaws.com/data/test/png/3-5-XY-2.png,http://ec2-3-19-47-35.us-east-2.compute.amazonaws.com/data/test/json/3d_55.json
88,３ (10 m),５ (5 m),4,8,300,市松方向-2,122154,http://ec2-3-19-47-35.us-east-2.compute.amazonaws.com/data/test/png/3-5-XY-2.png,http://ec2-3-19-47-35.us-east-2.compute.amazonaws.com/data/test/json/3d_56.json
89,５ (6 m),３ (8.33 m),8,16,300,市松方向-2,115454,http://ec2-3-19-47-35.us-east-2.compute.amazonaws.com/data/test/png/5-3-XY-2.png,http://ec2-3-19-47-35.us-east-2.compute.amazonaws.com/data/test/json/3d_57.json
90,５ (6 m),３ (8.33 m),8,8,300,市松方向-2,116654,http://ec2-3-19-47-35.us-east-2.compute.amazonaws.com/data/test/png/5-3-XY-2.png,http://ec2-3-19-47-35.us-east-2.compute.amazonaws.com/data/test/json/3d_58.json
91,５ (6 m),３ (8.33 m),4,16,300,市松方向-2,122654,http://ec2-3-19-47-35.us-east-2.compute.amazonaws.com/data/test/png/5-3-XY-2.png,http://ec2-3-19-47-35.us-east-2.compute.amazonaws.com/data/test/json/3d_59.json
92,５ (6 m),３ (8.33 m),4,8,300,市松方向-2,121354,http://ec2-3-19-47-35.us-east-2.compute.amazonaws.com/data/test/png/5-3-XY-2.png,http://ec2-3-19-47-35.us-east-2.compute.amazonaws.com/data/test/json/3d_60.json
93,５ (6 m),５ (5 m),8,16,300,市松方向-2,114654,http://ec2-3-19-47-35.us-east-2.compute.amazonaws.com/data/test/png/5-5-XY-2.png,http://ec2-3-19-47-35.us-east-2.compute.amazonaws.com/data/test/json/3d_61.json
94,５ (6 m),５ (5 m),8,8,300,市松方向-2,115154,http://ec2-3-19-47-35.us-east-2.compute.amazonaws.com/data/test/png/5-5-XY-2.png,http://ec2-3-19-47-35.us-east-2.compute.amazonaws.com/data/test/json/3d_62.json
95,５ (6 m),５ (5 m),4,16,300,市松方向-2,115054,http://ec2-3-19-47-35.us-east-2.compute.amazonaws.com/data/test/png/5-5-XY-2.png,http://ec2-3-19-47-35.us-east-2.compute.amazonaws.com/data/test/json/3d_63.json
96,５ (6 m),５ (5 m),4,8,300,市松方向-2,119454,http://ec2-3-19-47-35.us-east-2.compute.amazonaws.com/data/test/png/5-5-XY-2.png,http://ec2-3-19-47-35.us-east-2.compute.amazonaws.com/data/test/json/3d_64.json
97,３ (10 m),３ (8.33 m),8,16,500,X方向,123054,http://ec2-3-19-47-35.us-east-2.compute.amazonaws.com/data/test/png/3-3-X.png,http://ec2-3-19-47-35.us-east-2.compute.amazonaws.com/data/test/json/3d_65.json
98,３ (10 m),３ (8.33 m),8,8,500,X方向,118954,http://ec2-3-19-47-35.us-east-2.compute.amazonaws.com/data/test/png/3-3-X.png,http://ec2-3-19-47-35.us-east-2.compute.amazonaws.com/data/test/json/3d_66.json
99,３ (10 m),３ (8.33 m),4,16,500,X方向,122054,http://ec2-3-19-47-35.us-east-2.compute.amazonaws.com/data/test/png/3-3-X.png,http://ec2-3-19-47-35.us-east-2.compute.amazonaws.com/data/test/json/3d_67.json
100,３ (10 m),３ (8.33 m),4,8,500,X方向,122254,http://ec2-3-19-47-35.us-east-2.compute.amazonaws.com/data/test/png/3-3-X.png,http://ec2-3-19-47-35.us-east-2.compute.amazonaws.com/data/test/json/3d_68.json
101,３ (10 m),５ (5 m),8,16,500,X方向,126554,http://ec2-3-19-47-35.us-east-2.compute.amazonaws.com/data/test/png/3-5-X.png,http://ec2-3-19-47-35.us-east-2.compute.amazonaws.com/data/test/json/3d_69.json
102,３ (10 m),５ (5 m),8,8,500,X方向,117154,http://ec2-3-19-47-35.us-east-2.compute.amazonaws.com/data/test/png/3-5-X.png,http://ec2-3-19-47-35.us-east-2.compute.amazonaws.com/data/test/json/3d_70.json
103,３ (10 m),５ (5 m),4,16,500,X方向,116554,http://ec2-3-19-47-35.us-east-2.compute.amazonaws.com/data/test/png/3-5-X.png,http://ec2-3-19-47-35.us-east-2.compute.amazonaws.com/data/test/json/3d_71.json
104,３ (10 m),５ (5 m),4,8,500,X方向,121954,http://ec2-3-19-47-35.us-east-2.compute.amazonaws.com/data/test/png/3-5-X.png,http://ec2-3-19-47-35.us-east-2.compute.amazonaws.com/data/test/json/3d_72.json
105,５ (6 m),３ (8.33 m),8,16,500,X方向,119654,http://ec2-3-19-47-35.us-east-2.compute.amazonaws.com/data/test/png/5-3-X.png,http://ec2-3-19-47-35.us-east-2.compute.amazonaws.com/data/test/json/3d_73.json
106,５ (6 m),３ (8.33 m),8,8,500,X方向,114554,http://ec2-3-19-47-35.us-east-2.compute.amazonaws.com/data/test/png/5-3-X.png,http://ec2-3-19-47-35.us-east-2.compute.amazonaws.com/data/test/json/3d_74.json
107,５ (6 m),３ (8.33 m),4,16,500,X方向,114954,http://ec2-3-19-47-35.us-east-2.compute.amazonaws.com/data/test/png/5-3-X.png,http://ec2-3-19-47-35.us-east-2.compute.amazonaws.com/data/test/json/3d_75.json
108,５ (6 m),３ (8.33 m),4,8,500,X方向,117954,http://ec2-3-19-47-35.us-east-2.compute.amazonaws.com/data/test/png/5-3-X.png,http://ec2-3-19-47-35.us-east-2.compute.amazonaws.com/data/test/json/3d_76.json
109,５ (6 m),５ (5 m),8,16,500,X方向,119254,http://ec2-3-19-47-35.us-east-2.compute.amazonaws.com/data/test/png/5-5-X.png,http://ec2-3-19-47-35.us-east-2.compute.amazonaws.com/data/test/json/3d_77.json
110,５ (6 m),５ (5 m),8,8,500,X方向,114454,http://ec2-3-19-47-35.us-east-2.compute.amazonaws.com/data/test/png/5-5-X.png,http://ec2-3-19-47-35.us-east-2.compute.amazonaws.com/data/test/json/3d_78.json
111,５ (6 m),５ (5 m),4,16,500,X方向,116154,http://ec2-3-19-47-35.us-east-2.compute.amazonaws.com/data/test/png/5-5-X.png,http://ec2-3-19-47-35.us-east-2.compute.amazonaws.com/data/test/json/3d_79.json
112,５ (6 m),５ (5 m),4,8,500,X方向,126654,http://ec2-3-19-47-35.us-east-2.compute.amazonaws.com/data/test/png/5-5-X.png,http://ec2-3-19-47-35.us-east-2.compute.amazonaws.com/data/test/json/3d_80.json
113,３ (10 m),３ (8.33 m),8,16,500,Y方向,119154,http://ec2-3-19-47-35.us-east-2.compute.amazonaws.com/data/test/png/3-3-Y.png,http://ec2-3-19-47-35.us-east-2.compute.amazonaws.com/data/test/json/3d_81.json
114,３ (10 m),３ (8.33 m),8,8,500,Y方向,124554,http://ec2-3-19-47-35.us-east-2.compute.amazonaws.com/data/test/png/3-3-Y.png,http://ec2-3-19-47-35.us-east-2.compute.amazonaws.com/data/test/json/3d_82.json
115,３ (10 m),３ (8.33 m),4,16,500,Y方向,120254,http://ec2-3-19-47-35.us-east-2.compute.amazonaws.com/data/test/png/3-3-Y.png,http://ec2-3-19-47-35.us-east-2.compute.amazonaws.com/data/test/json/3d_83.json
116,３ (10 m),３ (8.33 m),4,8,500,Y方向,126054,http://ec2-3-19-47-35.us-east-2.compute.amazonaws.com/data/test/png/3-3-Y.png,http://ec2-3-19-47-35.us-east-2.compute.amazonaws.com/data/test/json/3d_84.json
117,３ (10 m),５ (5 m),8,16,500,Y方向,125854,http://ec2-3-19-47-35.us-east-2.compute.amazonaws.com/data/test/png/3-5-Y.png,http://ec2-3-19-47-35.us-east-2.compute.amazonaws.com/data/test/json/3d_85.json
118,３ (10 m),５ (5 m),8,8,500,Y方向,117554,http://ec2-3-19-47-35.us-east-2.compute.amazonaws.com/data/test/png/3-5-Y.png,http://ec2-3-19-47-35.us-east-2.compute.amazonaws.com/data/test/json/3d_86.json
119,３ (10 m),５ (5 m),4,16,500,Y方向,118154,http://ec2-3-19-47-35.us-east-2.compute.amazonaws.com/data/test/png/3-5-Y.png,http://ec2-3-19-47-35.us-east-2.compute.amazonaws.com/data/test/json/3d_87.json
120,３ (10 m),５ (5 m),4,8,500,Y方向,118454,http://ec2-3-19-47-35.us-east-2.compute.amazonaws.com/data/test/png/3-5-Y.png,http://ec2-3-19-47-35.us-east-2.compute.amazonaws.com/data/test/json/3d_88.json
121,５ (6 m),３ (8.33 m),8,16,500,Y方向,123654,http://ec2-3-19-47-35.us-east-2.compute.amazonaws.com/data/test/png/5-3-Y.png,http://ec2-3-19-47-35.us-east-2.compute.amazonaws.com/data/test/json/3d_89.json
122,５ (6 m),３ (8.33 m),8,8,500,Y方向,119854,http://ec2-3-19-47-35.us-east-2.compute.amazonaws.com/data/test/png/5-3-Y.png,http://ec2-3-19-47-35.us-east-2.compute.amazonaws.com/data/test/json/3d_90.json
123,５ (6 m),３ (8.33 m),4,16,500,Y方向,123154,http://ec2-3-19-47-35.us-east-2.compute.amazonaws.com/data/test/png/5-3-Y.png,http://ec2-3-19-47-35.us-east-2.compute.amazonaws.com/data/test/json/3d_91.json
124,５ (6 m),３ (8.33 m),4,8,500,Y方向,123254,http://ec2-3-19-47-35.us-east-2.compute.amazonaws.com/data/test/png/5-3-Y.png,http://ec2-3-19-47-35.us-east-2.compute.amazonaws.com/data/test/json/3d_92.json
125,５ (6 m),５ (5 m),8,16,500,Y方向,124354,http://ec2-3-19-47-35.us-east-2.compute.amazonaws.com/data/test/png/5-5-Y.png,http://ec2-3-19-47-35.us-east-2.compute.amazonaws.com/data/test/json/3d_93.json
126,５ (6 m),５ (5 m),8,8,500,Y方向,115554,http://ec2-3-19-47-35.us-east-2.compute.amazonaws.com/data/test/png/5-5-Y.png,http://ec2-3-19-47-35.us-east-2.compute.amazonaws.com/data/test/json/3d_94.json
127,５ (6 m),５ (5 m),4,16,500,Y方向,123754,http://ec2-3-19-47-35.us-east-2.compute.amazonaws.com/data/test/png/5-5-Y.png,http://ec2-3-19-47-35.us-east-2.compute.amazonaws.com/data/test/json/3d_95.json
128,５ (6 m),５ (5 m),4,8,500,Y方向,116454,http://ec2-3-19-47-35.us-east-2.compute.amazonaws.com/data/test/png/5-5-Y.png,http://ec2-3-19-47-35.us-east-2.compute.amazonaws.com/data/test/json/3d_96.json
129,３ (10 m),３ (8.33 m),8,16,500,市松方向-1,114754,http://ec2-3-19-47-35.us-east-2.compute.amazonaws.com/data/test/png/3-3-XY-1.png,http://ec2-3-19-47-35.us-east-2.compute.amazonaws.com/data/test/json/3d_97.json
130,３ (10 m),３ (8.33 m),8,8,500,市松方向-1,118654,http://ec2-3-19-47-35.us-east-2.compute.amazonaws.com/data/test/png/3-3-XY-1.png,http://ec2-3-19-47-35.us-east-2.compute.amazonaws.com/data/test/json/3d_98.json
131,３ (10 m),３ (8.33 m),4,16,500,市松方向-1,120054,http://ec2-3-19-47-35.us-east-2.compute.amazonaws.com/data/test/png/3-3-XY-1.png,http://ec2-3-19-47-35.us-east-2.compute.amazonaws.com/data/test/json/3d_99.json
132,３ (10 m),３ (8.33 m),4,8,500,市松方向-1,119554,http://ec2-3-19-47-35.us-east-2.compute.amazonaws.com/data/test/png/3-3-XY-1.png,http://ec2-3-19-47-35.us-east-2.compute.amazonaws.com/data/test/json/3d_100.json
133,３ (10 m),５ (5 m),8,16,500,市松方向-1,123854,http://ec2-3-19-47-35.us-east-2.compute.amazonaws.com/data/test/png/3-5-XY-1.png,http://ec2-3-19-47-35.us-east-2.compute.amazonaws.com/data/test/json/3d_101.json
134,３ (10 m),５ (5 m),8,8,500,市松方向-1,122454,http://ec2-3-19-47-35.us-east-2.compute.amazonaws.com/data/test/png/3-5-XY-1.png,http://ec2-3-19-47-35.us-east-2.compute.amazonaws.com/data/test/json/3d_102.json
135,３ (10 m),５ (5 m),4,16,500,市松方向-1,125154,http://ec2-3-19-47-35.us-east-2.compute.amazonaws.com/data/test/png/3-5-XY-1.png,http://ec2-3-19-47-35.us-east-2.compute.amazonaws.com/data/test/json/3d_103.json
136,３ (10 m),５ (5 m),4,8,500,市松方向-1,118554,http://ec2-3-19-47-35.us-east-2.compute.amazonaws.com/data/test/png/3-5-XY-1.png,http://ec2-3-19-47-35.us-east-2.compute.amazonaws.com/data/test/json/3d_104.json
137,５ (6 m),３ (8.33 m),8,16,500,市松方向-1,123554,http://ec2-3-19-47-35.us-east-2.compute.amazonaws.com/data/test/png/5-3-XY-1.png,http://ec2-3-19-47-35.us-east-2.compute.amazonaws.com/data/test/json/3d_105.json
138,５ (6 m),３ (8.33 m),8,8,500,市松方向-1,125254,http://ec2-3-19-47-35.us-east-2.compute.amazonaws.com/data/test/png/5-3-XY-1.png,http://ec2-3-19-47-35.us-east-2.compute.amazonaws.com/data/test/json/3d_106.json
139,５ (6 m),３ (8.33 m),4,16,500,市松方向-1,122354,http://ec2-3-19-47-35.us-east-2.compute.amazonaws.com/data/test/png/5-3-XY-1.png,http://ec2-3-19-47-35.us-east-2.compute.amazonaws.com/data/test/json/3d_107.json
140,５ (6 m),３ (8.33 m),4,8,500,市松方向-1,126154,http://ec2-3-19-47-35.us-east-2.compute.amazonaws.com/data/test/png/5-3-XY-1.png,http://ec2-3-19-47-35.us-east-2.compute.amazonaws.com/data/test/json/3d_108.json
141,５ (6 m),５ (5 m),8,16,500,市松方向-1,117054,http://ec2-3-19-47-35.us-east-2.compute.amazonaws.com/data/test/png/5-5-XY-1.png,http://ec2-3-19-47-35.us-east-2.compute.amazonaws.com/data/test/json/3d_109.json
142,５ (6 m),５ (5 m),8,8,500,市松方向-1,116754,http://ec2-3-19-47-35.us-east-2.compute.amazonaws.com/data/test/png/5-5-XY-1.png,http://ec2-3-19-47-35.us-east-2.compute.amazonaws.com/data/test/json/3d_110.json
143,５ (6 m),５ (5 m),4,16,500,市松方向-1,115854,http://ec2-3-19-47-35.us-east-2.compute.amazonaws.com/data/test/png/5-5-XY-1.png,http://ec2-3-19-47-35.us-east-2.compute.amazonaws.com/data/test/json/3d_111.json
144,５ (6 m),５ (5 m),4,8,500,市松方向-1,115754,http://ec2-3-19-47-35.us-east-2.compute.amazonaws.com/data/test/png/5-5-XY-1.png,http://ec2-3-19-47-35.us-east-2.compute.amazonaws.com/data/test/json/3d_112.json
145,３ (10 m),３ (8.33 m),8,16,500,市松方向-2,117854,http://ec2-3-19-47-35.us-east-2.compute.amazonaws.com/data/test/png/3-3-XY-2.png,http://ec2-3-19-47-35.us-east-2.compute.amazonaws.com/data/test/json/3d_113.json
146,３ (10 m),３ (8.33 m),8,8,500,市松方向-2,121754,http://ec2-3-19-47-35.us-east-2.compute.amazonaws.com/data/test/png/3-3-XY-2.png,http://ec2-3-19-47-35.us-east-2.compute.amazonaws.com/data/test/json/3d_114.json
147,３ (10 m),３ (8.33 m),4,16,500,市松方向-2,114254,http://ec2-3-19-47-35.us-east-2.compute.amazonaws.com/data/test/png/3-3-XY-2.png,http://ec2-3-19-47-35.us-east-2.compute.amazonaws.com/data/test/json/3d_115.json
148,３ (10 m),３ (8.33 m),4,8,500,市松方向-2,114854,http://ec2-3-19-47-35.us-east-2.compute.amazonaws.com/data/test/png/3-3-XY-2.png,http://ec2-3-19-47-35.us-east-2.compute.amazonaws.com/data/test/json/3d_116.json
149,３ (10 m),５ (5 m),8,16,500,市松方向-2,118254,http://ec2-3-19-47-35.us-east-2.compute.amazonaws.com/data/test/png/3-5-XY-2.png,http://ec2-3-19-47-35.us-east-2.compute.amazonaws.com/data/test/json/3d_117.json
150,３ (10 m),５ (5 m),8,8,500,市松方向-2,119054,http://ec2-3-19-47-35.us-east-2.compute.amazonaws.com/data/test/png/3-5-XY-2.png,http://ec2-3-19-47-35.us-east-2.compute.amazonaws.com/data/test/json/3d_118.json
151,３ (10 m),５ (5 m),4,16,500,市松方向-2,119754,http://ec2-3-19-47-35.us-east-2.compute.amazonaws.com/data/test/png/3-5-XY-2.png,http://ec2-3-19-47-35.us-east-2.compute.amazonaws.com/data/test/json/3d_119.json
152,３ (10 m),５ (5 m),4,8,500,市松方向-2,125454,http://ec2-3-19-47-35.us-east-2.compute.amazonaws.com/data/test/png/3-5-XY-2.png,http://ec2-3-19-47-35.us-east-2.compute.amazonaws.com/data/test/json/3d_120.json
153,５ (6 m),３ (8.33 m),8,16,500,市松方向-2,126754,http://ec2-3-19-47-35.us-east-2.compute.amazonaws.com/data/test/png/5-3-XY-2.png,http://ec2-3-19-47-35.us-east-2.compute.amazonaws.com/data/test/json/3d_121.json
154,５ (6 m),３ (8.33 m),8,8,500,市松方向-2,119954,http://ec2-3-19-47-35.us-east-2.compute.amazonaws.com/data/test/png/5-3-XY-2.png,http://ec2-3-19-47-35.us-east-2.compute.amazonaws.com/data/test/json/3d_122.json
155,５ (6 m),３ (8.33 m),4,16,500,市松方向-2,120654,http://ec2-3-19-47-35.us-east-2.compute.amazonaws.com/data/test/png/5-3-XY-2.png,http://ec2-3-19-47-35.us-east-2.compute.amazonaws.com/data/test/json/3d_123.json
156,５ (6 m),３ (8.33 m),4,8,500,市松方向-2,117654,http://ec2-3-19-47-35.us-east-2.compute.amazonaws.com/data/test/png/5-3-XY-2.png,http://ec2-3-19-47-35.us-east-2.compute.amazonaws.com/data/test/json/3d_124.json
157,５ (6 m),５ (5 m),8,16,500,市松方向-2,122854,http://ec2-3-19-47-35.us-east-2.compute.amazonaws.com/data/test/png/5-5-XY-2.png,http://ec2-3-19-47-35.us-east-2.compute.amazonaws.com/data/test/json/3d_125.json
158,５ (6 m),５ (5 m),8,8,500,市松方向-2,118354,http://ec2-3-19-47-35.us-east-2.compute.amazonaws.com/data/test/png/5-5-XY-2.png,http://ec2-3-19-47-35.us-east-2.compute.amazonaws.com/data/test/json/3d_126.json
159,５ (6 m),５ (5 m),4,16,500,市松方向-2,123954,http://ec2-3-19-47-35.us-east-2.compute.amazonaws.com/data/test/png/5-5-XY-2.png,http://ec2-3-19-47-35.us-east-2.compute.amazonaws.com/data/test/json/3d_127.json
160,５ (6 m),５ (5 m),4,8,500,市松方向-2,120954,http://ec2-3-19-47-35.us-east-2.compute.amazonaws.com/data/test/png/5-5-XY-2.png,http://ec2-3-19-47-35.us-east-2.compute.amazonaws.com/data/test/json/3d_128.json
161,３ (10 m),４ (6.25 m),8,16,300,X方向,115254,http://ec2-3-19-47-35.us-east-2.compute.amazonaws.com/data/test/png/3-3-X.png,http://ec2-3-19-47-35.us-east-2.compute.amazonaws.com/data/test/json/3d_4.json
162,３ (10 m),４ (6.25 m),8,8,300,X方向,124954,http://ec2-3-19-47-35.us-east-2.compute.amazonaws.com/data/test/png/3-3-X.png,http://ec2-3-19-47-35.us-east-2.compute.amazonaws.com/data/test/json/3d_3.json
163,３ (10 m),４ (6.25 m),4,16,300,X方向,121554,http://ec2-3-19-47-35.us-east-2.compute.amazonaws.com/data/test/png/3-3-X.png,http://ec2-3-19-47-35.us-east-2.compute.amazonaws.com/data/test/json/3d_2.json
164,３ (10 m),４ (6.25 m),4,8,300,X方向,120854,http://ec2-3-19-47-35.us-east-2.compute.amazonaws.com/data/test/png/3-3-X.png,http://ec2-3-19-47-35.us-east-2.compute.amazonaws.com/data/test/json/3d_1.json
165,３ (10 m),４ (6.25 m),8,16,300,X方向,124054,http://ec2-3-19-47-35.us-east-2.compute.amazonaws.com/data/test/png/3-3-X.png,http://ec2-3-19-47-35.us-east-2.compute.amazonaws.com/data/test/json/3d_5.json
166,３ (10 m),４ (6.25 m),8,8,300,X方向,119354,http://ec2-3-19-47-35.us-east-2.compute.amazonaws.com/data/test/png/3-3-X.png,http://ec2-3-19-47-35.us-east-2.compute.amazonaws.com/data/test/json/3d_6.json
167,３ (10 m),４ (6.25 m),4,16,300,X方向,117354,http://ec2-3-19-47-35.us-east-2.compute.amazonaws.com/data/test/png/3-3-X.png,http://ec2-3-19-47-35.us-east-2.compute.amazonaws.com/data/test/json/3d_7.json
168,３ (10 m),４ (6.25 m),4,8,300,X方向,125954,http://ec2-3-19-47-35.us-east-2.compute.amazonaws.com/data/test/png/3-3-X.png,http://ec2-3-19-47-35.us-east-2.compute.amazonaws.com/data/test/json/3d_8.json
169,５ (6 m),４ (6.25 m),8,16,300,X方向,115354,http://ec2-3-19-47-35.us-east-2.compute.amazonaws.com/data/test/png/5-3-X.png,http://ec2-3-19-47-35.us-east-2.compute.amazonaws.com/data/test/json/3d_9.json
170,５ (6 m),４ (6.25 m),8,8,300,X方向,121154,http://ec2-3-19-47-35.us-east-2.compute.amazonaws.com/data/test/png/5-3-X.png,http://ec2-3-19-47-35.us-east-2.compute.amazonaws.com/data/test/json/3d_10.json
171,５ (6 m),４ (6.25 m),4,16,300,X方向,120154,http://ec2-3-19-47-35.us-east-2.compute.amazonaws.com/data/test/png/5-3-X.png,http://ec2-3-19-47-35.us-east-2.compute.amazonaws.com/data/test/json/3d_11.json
172,５ (6 m),４ (6.25 m),4,8,300,X方向,124254,http://ec2-3-19-47-35.us-east-2.compute.amazonaws.com/data/test/png/5-3-X.png,http://ec2-3-19-47-35.us-east-2.compute.amazonaws.com/data/test/json/3d_12.json
173,５ (6 m),４ (6.25 m),8,16,300,X方向,116254,http://ec2-3-19-47-35.us-east-2.compute.amazonaws.com/data/test/png/5-3-X.png,http://ec2-3-19-47-35.us-east-2.compute.amazonaws.com/data/test/json/3d_13.json
174,５ (6 m),４ (6.25 m),8,8,300,X方向,116954,http://ec2-3-19-47-35.us-east-2.compute.amazonaws.com/data/test/png/5-3-X.png,http://ec2-3-19-47-35.us-east-2.compute.amazonaws.com/data/test/json/3d_14.json
175,５ (6 m),４ (6.25 m),4,16,300,X方向,125054,http://ec2-3-19-47-35.us-east-2.compute.amazonaws.com/data/test/png/5-3-X.png,http://ec2-3-19-47-35.us-east-2.compute.amazonaws.com/data/test/json/3d_15.json
176,５ (6 m),４ (6.25 m),4,8,300,X方向,116354,http://ec2-3-19-47-35.us-east-2.compute.amazonaws.com/data/test/png/5-3-X.png,http://ec2-3-19-47-35.us-east-2.compute.amazonaws.com/data/test/json/3d_16.json
177,３ (10 m),４ (6.25 m),8,16,300,Y方向,121454,http://ec2-3-19-47-35.us-east-2.compute.amazonaws.com/data/test/png/3-3-Y.png,http://ec2-3-19-47-35.us-east-2.compute.amazonaws.com/data/test/json/3d_17.json
178,３ (10 m),４ (6.25 m),8,8,300,Y方向,125754,http://ec2-3-19-47-35.us-east-2.compute.amazonaws.com/data/test/png/3-3-Y.png,http://ec2-3-19-47-35.us-east-2.compute.amazonaws.com/data/test/json/3d_18.json
179,３ (10 m),４ (6.25 m),4,16,300,Y方向,118854,http://ec2-3-19-47-35.us-east-2.compute.amazonaws.com/data/test/png/3-3-Y.png,http://ec2-3-19-47-35.us-east-2.compute.amazonaws.com/data/test/json/3d_19.json
180,３ (10 m),４ (6.25 m),4,8,300,Y方向,125554,http://ec2-3-19-47-35.us-east-2.compute.amazonaws.com/data/test/png/3-3-Y.png,http://ec2-3-19-47-35.us-east-2.compute.amazonaws.com/data/test/json/3d_20.json
181,３ (10 m),４ (6.25 m),8,16,300,Y方向,118754,http://ec2-3-19-47-35.us-east-2.compute.amazonaws.com/data/test/png/3-3-Y.png,http://ec2-3-19-47-35.us-east-2.compute.amazonaws.com/data/test/json/3d_21.json
182,３ (10 m),４ (6.25 m),8,8,300,Y方向,115954,http://ec2-3-19-47-35.us-east-2.compute.amazonaws.com/data/test/png/3-3-Y.png,http://ec2-3-19-47-35.us-east-2.compute.amazonaws.com/data/test/json/3d_22.json
183,３ (10 m),４ (6.25 m),4,16,300,Y方向,117454,http://ec2-3-19-47-35.us-east-2.compute.amazonaws.com/data/test/png/3-3-Y.png,http://ec2-3-19-47-35.us-east-2.compute.amazonaws.com/data/test/json/3d_23.json
184,３ (10 m),４ (6.25 m),4,8,300,Y方向,114354,http://ec2-3-19-47-35.us-east-2.compute.amazonaws.com/data/test/png/3-3-Y.png,http://ec2-3-19-47-35.us-east-2.compute.amazonaws.com/data/test/json/3d_24.json
185,５ (6 m),４ (6.25 m),8,16,300,Y方向,120454,http://ec2-3-19-47-35.us-east-2.compute.amazonaws.com/data/test/png/5-3-Y.png,http://ec2-3-19-47-35.us-east-2.compute.amazonaws.com/data/test/json/3d_25.json
186,５ (6 m),４ (6.25 m),8,8,300,Y方向,117754,http://ec2-3-19-47-35.us-east-2.compute.amazonaws.com/data/test/png/5-3-Y.png,http://ec2-3-19-47-35.us-east-2.compute.amazonaws.com/data/test/json/3d_26.json
187,５ (6 m),４ (6.25 m),4,16,300,Y方向,121854,http://ec2-3-19-47-35.us-east-2.compute.amazonaws.com/data/test/png/5-3-Y.png,http://ec2-3-19-47-35.us-east-2.compute.amazonaws.com/data/test/json/3d_27.json
188,５ (6 m),４ (6.25 m),4,8,300,Y方向,124454,http://ec2-3-19-47-35.us-east-2.compute.amazonaws.com/data/test/png/5-3-Y.png,http://ec2-3-19-47-35.us-east-2.compute.amazonaws.com/data/test/json/3d_28.json
189,５ (6 m),４ (6.25 m),8,16,300,Y方向,117254,http://ec2-3-19-47-35.us-east-2.compute.amazonaws.com/data/test/png/5-3-Y.png,http://ec2-3-19-47-35.us-east-2.compute.amazonaws.com/data/test/json/3d_29.json
190,５ (6 m),４ (6.25 m),8,8,300,Y方向,120354,http://ec2-3-19-47-35.us-east-2.compute.amazonaws.com/data/test/png/5-3-Y.png,http://ec2-3-19-47-35.us-east-2.compute.amazonaws.com/data/test/json/3d_30.json
191,５ (6 m),４ (6.25 m),4,16,300,Y方向,126954,http://ec2-3-19-47-35.us-east-2.compute.amazonaws.com/data/test/png/5-3-Y.png,http://ec2-3-19-47-35.us-east-2.compute.amazonaws.com/data/test/json/3d_31.json
192,５ (6 m),４ (6.25 m),4,8,300,Y方向,126254,http://ec2-3-19-47-35.us-east-2.compute.amazonaws.com/data/test/png/5-3-Y.png,http://ec2-3-19-47-35.us-east-2.compute.amazonaws.com/data/test/json/3d_32.json
193,３ (10 m),４ (6.25 m),8,16,300,市松方向-1,122954,http://ec2-3-19-47-35.us-east-2.compute.amazonaws.com/data/test/png/3-3-XY-1.png,http://ec2-3-19-47-35.us-east-2.compute.amazonaws.com/data/test/json/3d_33.json
194,３ (10 m),４ (6.25 m),8,8,300,市松方向-1,124154,http://ec2-3-19-47-35.us-east-2.compute.amazonaws.com/data/test/png/3-3-XY-1.png,http://ec2-3-19-47-35.us-east-2.compute.amazonaws.com/data/test/json/3d_34.json
195,３ (10 m),４ (6.25 m),4,16,300,市松方向-1,120754,http://ec2-3-19-47-35.us-east-2.compute.amazonaws.com/data/test/png/3-3-XY-1.png,http://ec2-3-19-47-35.us-east-2.compute.amazonaws.com/data/test/json/3d_35.json
196,３ (10 m),４ (6.25 m),4,8,300,市松方向-1,118054,http://ec2-3-19-47-35.us-east-2.compute.amazonaws.com/data/test/png/3-3-XY-1.png,http://ec2-3-19-47-35.us-east-2.compute.amazonaws.com/data/test/json/3d_36.json
197,３ (10 m),４ (6.25 m),8,16,300,市松方向-1,121054,http://ec2-3-19-47-35.us-east-2.compute.amazonaws.com/data/test/png/3-3-XY-1.png,http://ec2-3-19-47-35.us-east-2.compute.amazonaws.com/data/test/json/3d_37.json
198,３ (10 m),４ (6.25 m),8,8,300,市松方向-1,122754,http://ec2-3-19-47-35.us-east-2.compute.amazonaws.com/data/test/png/3-3-XY-1.png,http://ec2-3-19-47-35.us-east-2.compute.amazonaws.com/data/test/json/3d_38.json
199,３ (10 m),４ (6.25 m),4,16,300,市松方向-1,125654,http://ec2-3-19-47-35.us-east-2.compute.amazonaws.com/data/test/png/3-3-XY-1.png,http://ec2-3-19-47-35.us-east-2.compute.amazonaws.com/data/test/json/3d_39.json
200,３ (10 m),４ (6.25 m),4,8,300,市松方向-1,124754,http://ec2-3-19-47-35.us-east-2.compute.amazonaws.com/data/test/png/3-3-XY-1.png,http://ec2-3-19-47-35.us-east-2.compute.amazonaws.com/data/test/json/3d_40.json
201,５ (6 m),４ (6.25 m),8,16,300,市松方向-1,125354,http://ec2-3-19-47-35.us-east-2.compute.amazonaws.com/data/test/png/5-3-XY-1.png,http://ec2-3-19-47-35.us-east-2.compute.amazonaws.com/data/test/json/3d_41.json
202,５ (6 m),４ (6.25 m),8,8,300,市松方向-1,126354,http://ec2-3-19-47-35.us-east-2.compute.amazonaws.com/data/test/png/5-3-XY-1.png,http://ec2-3-19-47-35.us-east-2.compute.amazonaws.com/data/test/json/3d_42.json
203,５ (6 m),４ (6.25 m),4,16,300,市松方向-1,121254,http://ec2-3-19-47-35.us-east-2.compute.amazonaws.com/data/test/png/5-3-XY-1.png,http://ec2-3-19-47-35.us-east-2.compute.amazonaws.com/data/test/json/3d_43.json
204,５ (6 m),４ (6.25 m),4,8,300,市松方向-1,126854,http://ec2-3-19-47-35.us-east-2.compute.amazonaws.com/data/test/png/5-3-XY-1.png,http://ec2-3-19-47-35.us-east-2.compute.amazonaws.com/data/test/json/3d_44.json
205,５ (6 m),４ (6.25 m),8,16,300,市松方向-1,124854,http://ec2-3-19-47-35.us-east-2.compute.amazonaws.com/data/test/png/5-3-XY-1.png,http://ec2-3-19-47-35.us-east-2.compute.amazonaws.com/data/test/json/3d_45.json
206,５ (6 m),４ (6.25 m),8,8,300,市松方向-1,115654,http://ec2-3-19-47-35.us-east-2.compute.amazonaws.com/data/test/png/5-3-XY-1.png,http://ec2-3-19-47-35.us-east-2.compute.amazonaws.com/data/test/json/3d_46.json
207,５ (6 m),４ (6.25 m),4,16,300,市松方向-1,120554,http://ec2-3-19-47-35.us-east-2.compute.amazonaws.com/data/test/png/5-3-XY-1.png,http://ec2-3-19-47-35.us-east-2.compute.amazonaws.com/data/test/json/3d_47.json
208,５ (6 m),４ (6.25 m),4,8,300,市松方向-1,116054,http://ec2-3-19-47-35.us-east-2.compute.amazonaws.com/data/test/png/5-3-XY-1.png,http://ec2-3-19-47-35.us-east-2.compute.amazonaws.com/data/test/json/3d_48.json
209,３ (10 m),４ (6.25 m),8,16,300,市松方向-2,122554,http://ec2-3-19-47-35.us-east-2.compute.amazonaws.com/data/test/png/3-3-XY-2.png,http://ec2-3-19-47-35.us-east-2.compute.amazonaws.com/data/test/json/3d_49.json
210,３ (10 m),４ (6.25 m),8,8,300,市松方向-2,123354,http://ec2-3-19-47-35.us-east-2.compute.amazonaws.com/data/test/png/3-3-XY-2.png,http://ec2-3-19-47-35.us-east-2.compute.amazonaws.com/data/test/json/3d_50.json
211,３ (10 m),４ (6.25 m),4,16,300,市松方向-2,123454,http://ec2-3-19-47-35.us-east-2.compute.amazonaws.com/data/test/png/3-3-XY-2.png,http://ec2-3-19-47-35.us-east-2.compute.amazonaws.com/data/test/json/3d_51.json
212,３ (10 m),４ (6.25 m),4,8,300,市松方向-2,116854,http://ec2-3-19-47-35.us-east-2.compute.amazonaws.com/data/test/png/3-3-XY-2.png,http://ec2-3-19-47-35.us-east-2.compute.amazonaws.com/data/test/json/3d_52.json
213,３ (10 m),４ (6.25 m),8,16,300,市松方向-2,126454,http://ec2-3-19-47-35.us-east-2.compute.amazonaws.com/data/test/png/3-3-XY-2.png,http://ec2-3-19-47-35.us-east-2.compute.amazonaws.com/data/test/json/3d_53.json
214,３ (10 m),４ (6.25 m),8,8,300,市松方向-2,121654,http://ec2-3-19-47-35.us-east-2.compute.amazonaws.com/data/test/png/3-3-XY-2.png,http://ec2-3-19-47-35.us-east-2.compute.amazonaws.com/data/test/json/3d_54.json
215,３ (10 m),４ (6.25 m),4,16,300,市松方向-2,124654,http://ec2-3-19-47-35.us-east-2.compute.amazonaws.com/data/test/png/3-3-XY-2.png,http://ec2-3-19-47-35.us-east-2.compute.amazonaws.com/data/test/json/3d_55.json
216,３ (10 m),４ (6.25 m),4,8,300,市松方向-2,122154,http://ec2-3-19-47-35.us-east-2.compute.amazonaws.com/data/test/png/3-3-XY-2.png,http://ec2-3-19-47-35.us-east-2.compute.amazonaws.com/data/test/json/3d_56.json
217,５ (6 m),４ (6.25 m),8,16,300,市松方向-2,115454,http://ec2-3-19-47-35.us-east-2.compute.amazonaws.com/data/test/png/5-3-XY-2.png,http://ec2-3-19-47-35.us-east-2.compute.amazonaws.com/data/test/json/3d_57.json
218,５ (6 m),４ (6.25 m),8,8,300,市松方向-2,116654,http://ec2-3-19-47-35.us-east-2.compute.amazonaws.com/data/test/png/5-3-XY-2.png,http://ec2-3-19-47-35.us-east-2.compute.amazonaws.com/data/test/json/3d_58.json
219,５ (6 m),４ (6.25 m),4,16,300,市松方向-2,122654,http://ec2-3-19-47-35.us-east-2.compute.amazonaws.com/data/test/png/5-3-XY-2.png,http://ec2-3-19-47-35.us-east-2.compute.amazonaws.com/data/test/json/3d_59.json
220,５ (6 m),４ (6.25 m),4,8,300,市松方向-2,121354,http://ec2-3-19-47-35.us-east-2.compute.amazonaws.com/data/test/png/5-3-XY-2.png,http://ec2-3-19-47-35.us-east-2.compute.amazonaws.com/data/test/json/3d_60.json
221,５ (6 m),４ (6.25 m),8,16,300,市松方向-2,114654,http://ec2-3-19-47-35.us-east-2.compute.amazonaws.com/data/test/png/5-3-XY-2.png,http://ec2-3-19-47-35.us-east-2.compute.amazonaws.com/data/test/json/3d_61.json
222,５ (6 m),４ (6.25 m),8,8,300,市松方向-2,115154,http://ec2-3-19-47-35.us-east-2.compute.amazonaws.com/data/test/png/5-3-XY-2.png,http://ec2-3-19-47-35.us-east-2.compute.amazonaws.com/data/test/json/3d_62.json
223,５ (6 m),４ (6.25 m),4,16,300,市松方向-2,115054,http://ec2-3-19-47-35.us-east-2.compute.amazonaws.com/data/test/png/5-3-XY-2.png,http://ec2-3-19-47-35.us-east-2.compute.amazonaws.com/data/test/json/3d_63.json
224,５ (6 m),４ (6.25 m),4,8,300,市松方向-2,119454,http://ec2-3-19-47-35.us-east-2.compute.amazonaws.com/data/test/png/5-3-XY-2.png,http://ec2-3-19-47-35.us-east-2.compute.amazonaws.com/data/test/json/3d_64.json
225,３ (10 m),４ (6.25 m),8,16,500,X方向,123054,http://ec2-3-19-47-35.us-east-2.compute.amazonaws.com/data/test/png/3-3-X.png,http://ec2-3-19-47-35.us-east-2.compute.amazonaws.com/data/test/json/3d_65.json
226,３ (10 m),４ (6.25 m),8,8,500,X方向,118954,http://ec2-3-19-47-35.us-east-2.compute.amazonaws.com/data/test/png/3-3-X.png,http://ec2-3-19-47-35.us-east-2.compute.amazonaws.com/data/test/json/3d_66.json
227,３ (10 m),４ (6.25 m),4,16,500,X方向,122054,http://ec2-3-19-47-35.us-east-2.compute.amazonaws.com/data/test/png/3-3-X.png,http://ec2-3-19-47-35.us-east-2.compute.amazonaws.com/data/test/json/3d_67.json
228,３ (10 m),４ (6.25 m),4,8,500,X方向,122254,http://ec2-3-19-47-35.us-east-2.compute.amazonaws.com/data/test/png/3-3-X.png,http://ec2-3-19-47-35.us-east-2.compute.amazonaws.com/data/test/json/3d_68.json
229,３ (10 m),４ (6.25 m),8,16,500,X方向,126554,http://ec2-3-19-47-35.us-east-2.compute.amazonaws.com/data/test/png/3-3-X.png,http://ec2-3-19-47-35.us-east-2.compute.amazonaws.com/data/test/json/3d_69.json
230,３ (10 m),４ (6.25 m),8,8,500,X方向,117154,http://ec2-3-19-47-35.us-east-2.compute.amazonaws.com/data/test/png/3-3-X.png,http://ec2-3-19-47-35.us-east-2.compute.amazonaws.com/data/test/json/3d_70.json
231,３ (10 m),４ (6.25 m),4,16,500,X方向,116554,http://ec2-3-19-47-35.us-east-2.compute.amazonaws.com/data/test/png/3-3-X.png,http://ec2-3-19-47-35.us-east-2.compute.amazonaws.com/data/test/json/3d_71.json
232,３ (10 m),４ (6.25 m),4,8,500,X方向,121954,http://ec2-3-19-47-35.us-east-2.compute.amazonaws.com/data/test/png/3-3-X.png,http://ec2-3-19-47-35.us-east-2.compute.amazonaws.com/data/test/json/3d_72.json
233,５ (6 m),４ (6.25 m),8,16,500,X方向,119654,http://ec2-3-19-47-35.us-east-2.compute.amazonaws.com/data/test/png/5-3-X.png,http://ec2-3-19-47-35.us-east-2.compute.amazonaws.com/data/test/json/3d_73.json
234,５ (6 m),４ (6.25 m),8,8,500,X方向,114554,http://ec2-3-19-47-35.us-east-2.compute.amazonaws.com/data/test/png/5-3-X.png,http://ec2-3-19-47-35.us-east-2.compute.amazonaws.com/data/test/json/3d_74.json
235,５ (6 m),４ (6.25 m),4,16,500,X方向,114954,http://ec2-3-19-47-35.us-east-2.compute.amazonaws.com/data/test/png/5-3-X.png,http://ec2-3-19-47-35.us-east-2.compute.amazonaws.com/data/test/json/3d_75.json
236,５ (6 m),４ (6.25 m),4,8,500,X方向,117954,http://ec2-3-19-47-35.us-east-2.compute.amazonaws.com/data/test/png/5-3-X.png,http://ec2-3-19-47-35.us-east-2.compute.amazonaws.com/data/test/json/3d_76.json
237,５ (6 m),４ (6.25 m),8,16,500,X方向,119254,http://ec2-3-19-47-35.us-east-2.compute.amazonaws.com/data/test/png/5-3-X.png,http://ec2-3-19-47-35.us-east-2.compute.amazonaws.com/data/test/json/3d_77.json
238,５ (6 m),４ (6.25 m),8,8,500,X方向,114454,http://ec2-3-19-47-35.us-east-2.compute.amazonaws.com/data/test/png/5-3-X.png,http://ec2-3-19-47-35.us-east-2.compute.amazonaws.com/data/test/json/3d_78.json
239,５ (6 m),４ (6.25 m),4,16,500,X方向,116154,http://ec2-3-19-47-35.us-east-2.compute.amazonaws.com/data/test/png/5-3-X.png,http://ec2-3-19-47-35.us-east-2.compute.amazonaws.com/data/test/json/3d_79.json
240,５ (6 m),４ (6.25 m),4,8,500,X方向,126654,http://ec2-3-19-47-35.us-east-2.compute.amazonaws.com/data/test/png/5-3-X.png,http://ec2-3-19-47-35.us-east-2.compute.amazonaws.com/data/test/json/3d_80.json
241,３ (10 m),４ (6.25 m),8,16,500,Y方向,119154,http://ec2-3-19-47-35.us-east-2.compute.amazonaws.com/data/test/png/3-3-Y.png,http://ec2-3-19-47-35.us-east-2.compute.amazonaws.com/data/test/json/3d_81.json
242,３ (10 m),４ (6.25 m),8,8,500,Y方向,124554,http://ec2-3-19-47-35.us-east-2.compute.amazonaws.com/data/test/png/3-3-Y.png,http://ec2-3-19-47-35.us-east-2.compute.amazonaws.com/data/test/json/3d_82.json
243,３ (10 m),４ (6.25 m),4,16,500,Y方向,120254,http://ec2-3-19-47-35.us-east-2.compute.amazonaws.com/data/test/png/3-3-Y.png,http://ec2-3-19-47-35.us-east-2.compute.amazonaws.com/data/test/json/3d_83.json
244,３ (10 m),４ (6.25 m),4,8,500,Y方向,126054,http://ec2-3-19-47-35.us-east-2.compute.amazonaws.com/data/test/png/3-3-Y.png,http://ec2-3-19-47-35.us-east-2.compute.amazonaws.com/data/test/json/3d_84.json
245,３ (10 m),４ (6.25 m),8,16,500,Y方向,125854,http://ec2-3-19-47-35.us-east-2.compute.amazonaws.com/data/test/png/3-3-Y.png,http://ec2-3-19-47-35.us-east-2.compute.amazonaws.com/data/test/json/3d_85.json
246,３ (10 m),４ (6.25 m),8,8,500,Y方向,117554,http://ec2-3-19-47-35.us-east-2.compute.amazonaws.com/data/test/png/3-3-Y.png,http://ec2-3-19-47-35.us-east-2.compute.amazonaws.com/data/test/json/3d_86.json
247,３ (10 m),４ (6.25 m),4,16,500,Y方向,118154,http://ec2-3-19-47-35.us-east-2.compute.amazonaws.com/data/test/png/3-3-Y.png,http://ec2-3-19-47-35.us-east-2.compute.amazonaws.com/data/test/json/3d_87.json
248,３ (10 m),４ (6.25 m),4,8,500,Y方向,118454,http://ec2-3-19-47-35.us-east-2.compute.amazonaws.com/data/test/png/3-3-Y.png,http://ec2-3-19-47-35.us-east-2.compute.amazonaws.com/data/test/json/3d_88.json
249,５ (6 m),４ (6.25 m),8,16,500,Y方向,123654,http://ec2-3-19-47-35.us-east-2.compute.amazonaws.com/data/test/png/5-3-Y.png,http://ec2-3-19-47-35.us-east-2.compute.amazonaws.com/data/test/json/3d_89.json
250,５ (6 m),４ (6.25 m),8,8,500,Y方向,119854,http://ec2-3-19-47-35.us-east-2.compute.amazonaws.com/data/test/png/5-3-Y.png,http://ec2-3-19-47-35.us-east-2.compute.amazonaws.com/data/test/json/3d_90.json
251,５ (6 m),４ (6.25 m),4,16,500,Y方向,123154,http://ec2-3-19-47-35.us-east-2.compute.amazonaws.com/data/test/png/5-3-Y.png,http://ec2-3-19-47-35.us-east-2.compute.amazonaws.com/data/test/json/3d_91.json
252,５ (6 m),４ (6.25 m),4,8,500,Y方向,123254,http://ec2-3-19-47-35.us-east-2.compute.amazonaws.com/data/test/png/5-3-Y.png,http://ec2-3-19-47-35.us-east-2.compute.amazonaws.com/data/test/json/3d_92.json
253,５ (6 m),４ (6.25 m),8,16,500,Y方向,124354,http://ec2-3-19-47-35.us-east-2.compute.amazonaws.com/data/test/png/5-3-Y.png,http://ec2-3-19-47-35.us-east-2.compute.amazonaws.com/data/test/json/3d_93.json
254,５ (6 m),４ (6.25 m),8,8,500,Y方向,115554,http://ec2-3-19-47-35.us-east-2.compute.amazonaws.com/data/test/png/5-3-Y.png,http://ec2-3-19-47-35.us-east-2.compute.amazonaws.com/data/test/json/3d_94.json
255,５ (6 m),４ (6.25 m),4,16,500,Y方向,123754,http://ec2-3-19-47-35.us-east-2.compute.amazonaws.com/data/test/png/5-3-Y.png,http://ec2-3-19-47-35.us-east-2.compute.amazonaws.com/data/test/json/3d_95.json
256,５ (6 m),４ (6.25 m),4,8,500,Y方向,116454,http://ec2-3-19-47-35.us-east-2.compute.amazonaws.com/data/test/png/5-3-Y.png,http://ec2-3-19-47-35.us-east-2.compute.amazonaws.com/data/test/json/3d_96.json
257,３ (10 m),４ (6.25 m),8,16,500,市松方向-1,114754,http://ec2-3-19-47-35.us-east-2.compute.amazonaws.com/data/test/png/3-3-XY-1.png,http://ec2-3-19-47-35.us-east-2.compute.amazonaws.com/data/test/json/3d_97.json
258,３ (10 m),４ (6.25 m),8,8,500,市松方向-1,118654,http://ec2-3-19-47-35.us-east-2.compute.amazonaws.com/data/test/png/3-3-XY-1.png,http://ec2-3-19-47-35.us-east-2.compute.amazonaws.com/data/test/json/3d_98.json
259,３ (10 m),４ (6.25 m),4,16,500,市松方向-1,120054,http://ec2-3-19-47-35.us-east-2.compute.amazonaws.com/data/test/png/3-3-XY-1.png,http://ec2-3-19-47-35.us-east-2.compute.amazonaws.com/data/test/json/3d_99.json
260,３ (10 m),４ (6.25 m),4,8,500,市松方向-1,119554,http://ec2-3-19-47-35.us-east-2.compute.amazonaws.com/data/test/png/3-3-XY-1.png,http://ec2-3-19-47-35.us-east-2.compute.amazonaws.com/data/test/json/3d_100.json
261,３ (10 m),４ (6.25 m),8,16,500,市松方向-1,123854,http://ec2-3-19-47-35.us-east-2.compute.amazonaws.com/data/test/png/3-3-XY-1.png,http://ec2-3-19-47-35.us-east-2.compute.amazonaws.com/data/test/json/3d_101.json
262,３ (10 m),４ (6.25 m),8,8,500,市松方向-1,122454,http://ec2-3-19-47-35.us-east-2.compute.amazonaws.com/data/test/png/3-3-XY-1.png,http://ec2-3-19-47-35.us-east-2.compute.amazonaws.com/data/test/json/3d_102.json
263,３ (10 m),４ (6.25 m),4,16,500,市松方向-1,125154,http://ec2-3-19-47-35.us-east-2.compute.amazonaws.com/data/test/png/3-3-XY-1.png,http://ec2-3-19-47-35.us-east-2.compute.amazonaws.com/data/test/json/3d_103.json
264,３ (10 m),４ (6.25 m),4,8,500,市松方向-1,118554,http://ec2-3-19-47-35.us-east-2.compute.amazonaws.com/data/test/png/3-3-XY-1.png,http://ec2-3-19-47-35.us-east-2.compute.amazonaws.com/data/test/json/3d_104.json
265,５ (6 m),４ (6.25 m),8,16,500,市松方向-1,123554,http://ec2-3-19-47-35.us-east-2.compute.amazonaws.com/data/test/png/5-3-XY-1.png,http://ec2-3-19-47-35.us-east-2.compute.amazonaws.com/data/test/json/3d_105.json
266,５ (6 m),４ (6.25 m),8,8,500,市松方向-1,125254,http://ec2-3-19-47-35.us-east-2.compute.amazonaws.com/data/test/png/5-3-XY-1.png,http://ec2-3-19-47-35.us-east-2.compute.amazonaws.com/data/test/json/3d_106.json
267,５ (6 m),４ (6.25 m),4,16,500,市松方向-1,122354,http://ec2-3-19-47-35.us-east-2.compute.amazonaws.com/data/test/png/5-3-XY-1.png,http://ec2-3-19-47-35.us-east-2.compute.amazonaws.com/data/test/json/3d_107.json
268,５ (6 m),４ (6.25 m),4,8,500,市松方向-1,126154,http://ec2-3-19-47-35.us-east-2.compute.amazonaws.com/data/test/png/5-3-XY-1.png,http://ec2-3-19-47-35.us-east-2.compute.amazonaws.com/data/test/json/3d_108.json
269,５ (6 m),４ (6.25 m),8,16,500,市松方向-1,117054,http://ec2-3-19-47-35.us-east-2.compute.amazonaws.com/data/test/png/5-3-XY-1.png,http://ec2-3-19-47-35.us-east-2.compute.amazonaws.com/data/test/json/3d_109.json
270,５ (6 m),４ (6.25 m),8,8,500,市松方向-1,116754,http://ec2-3-19-47-35.us-east-2.compute.amazonaws.com/data/test/png/5-3-XY-1.png,http://ec2-3-19-47-35.us-east-2.compute.amazonaws.com/data/test/json/3d_110.json
271,５ (6 m),４ (6.25 m),4,16,500,市松方向-1,115854,http://ec2-3-19-47-35.us-east-2.compute.amazonaws.com/data/test/png/5-3-XY-1.png,http://ec2-3-19-47-35.us-east-2.compute.amazonaws.com/data/test/json/3d_111.json
272,５ (6 m),４ (6.25 m),4,8,500,市松方向-1,115754,http://ec2-3-19-47-35.us-east-2.compute.amazonaws.com/data/test/png/5-3-XY-1.png,http://ec2-3-19-47-35.us-east-2.compute.amazonaws.com/data/test/json/3d_112.json
273,３ (10 m),４ (6.25 m),8,16,500,市松方向-2,117854,http://ec2-3-19-47-35.us-east-2.compute.amazonaws.com/data/test/png/3-3-XY-2.png,http://ec2-3-19-47-35.us-east-2.compute.amazonaws.com/data/test/json/3d_113.json
274,３ (10 m),４ (6.25 m),8,8,500,市松方向-2,121754,http://ec2-3-19-47-35.us-east-2.compute.amazonaws.com/data/test/png/3-3-XY-2.png,http://ec2-3-19-47-35.us-east-2.compute.amazonaws.com/data/test/json/3d_114.json
275,３ (10 m),４ (6.25 m),4,16,500,市松方向-2,114254,http://ec2-3-19-47-35.us-east-2.compute.amazonaws.com/data/test/png/3-3-XY-2.png,http://ec2-3-19-47-35.us-east-2.compute.amazonaws.com/data/test/json/3d_115.json
276,３ (10 m),４ (6.25 m),4,8,500,市松方向-2,114854,http://ec2-3-19-47-35.us-east-2.compute.amazonaws.com/data/test/png/3-3-XY-2.png,http://ec2-3-19-47-35.us-east-2.compute.amazonaws.com/data/test/json/3d_116.json
277,３ (10 m),４ (6.25 m),8,16,500,市松方向-2,118254,http://ec2-3-19-47-35.us-east-2.compute.amazonaws.com/data/test/png/3-3-XY-2.png,http://ec2-3-19-47-35.us-east-2.compute.amazonaws.com/data/test/json/3d_117.json
278,３ (10 m),４ (6.25 m),8,8,500,市松方向-2,119054,http://ec2-3-19-47-35.us-east-2.compute.amazonaws.com/data/test/png/3-3-XY-2.png,http://ec2-3-19-47-35.us-east-2.compute.amazonaws.com/data/test/json/3d_118.json
279,３ (10 m),４ (6.25 m),4,16,500,市松方向-2,119754,http://ec2-3-19-47-35.us-east-2.compute.amazonaws.com/data/test/png/3-3-XY-2.png,http://ec2-3-19-47-35.us-east-2.compute.amazonaws.com/data/test/json/3d_119.json
280,３ (10 m),４ (6.25 m),4,8,500,市松方向-2,125454,http://ec2-3-19-47-35.us-east-2.compute.amazonaws.com/data/test/png/3-3-XY-2.png,http://ec2-3-19-47-35.us-east-2.compute.amazonaws.com/data/test/json/3d_120.json
281,５ (6 m),４ (6.25 m),8,16,500,市松方向-2,126754,http://ec2-3-19-47-35.us-east-2.compute.amazonaws.com/data/test/png/5-3-XY-2.png,http://ec2-3-19-47-35.us-east-2.compute.amazonaws.com/data/test/json/3d_121.json
282,５ (6 m),４ (6.25 m),8,8,500,市松方向-2,119954,http://ec2-3-19-47-35.us-east-2.compute.amazonaws.com/data/test/png/5-3-XY-2.png,http://ec2-3-19-47-35.us-east-2.compute.amazonaws.com/data/test/json/3d_122.json
283,５ (6 m),４ (6.25 m),4,16,500,市松方向-2,120654,http://ec2-3-19-47-35.us-east-2.compute.amazonaws.com/data/test/png/5-3-XY-2.png,http://ec2-3-19-47-35.us-east-2.compute.amazonaws.com/data/test/json/3d_123.json
284,５ (6 m),４ (6.25 m),4,8,500,市松方向-2,117654,http://ec2-3-19-47-35.us-east-2.compute.amazonaws.com/data/test/png/5-3-XY-2.png,http://ec2-3-19-47-35.us-east-2.compute.amazonaws.com/data/test/json/3d_124.json
285,５ (6 m),４ (6.25 m),8,16,500,市松方向-2,122854,http://ec2-3-19-47-35.us-east-2.compute.amazonaws.com/data/test/png/5-3-XY-2.png,http://ec2-3-19-47-35.us-east-2.compute.amazonaws.com/data/test/json/3d_125.json
286,５ (6 m),４ (6.25 m),8,8,500,市松方向-2,118354,http://ec2-3-19-47-35.us-east-2.compute.amazonaws.com/data/test/png/5-3-XY-2.png,http://ec2-3-19-47-35.us-east-2.compute.amazonaws.com/data/test/json/3d_126.json
287,５ (6 m),４ (6.25 m),4,16,500,市松方向-2,123954,http://ec2-3-19-47-35.us-east-2.compute.amazonaws.com/data/test/png/5-3-XY-2.png,http://ec2-3-19-47-35.us-east-2.compute.amazonaws.com/data/test/json/3d_127.json
288,５ (6 m),４ (6.25 m),4,8,500,市松方向-2,120954,http://ec2-3-19-47-35.us-east-2.compute.amazonaws.com/data/test/png/5-3-XY-2.png,http://ec2-3-19-47-35.us-east-2.compute.amazonaws.com/data/test/json/3d_128.json
289,４ (7.5 m),３ (8.33 m),8,16,300,X方向,115254,http://ec2-3-19-47-35.us-east-2.compute.amazonaws.com/data/test/png/3-3-X.png,http://ec2-3-19-47-35.us-east-2.compute.amazonaws.com/data/test/json/3d_1.json
290,４ (7.5 m),３ (8.33 m),8,8,300,X方向,124954,http://ec2-3-19-47-35.us-east-2.compute.amazonaws.com/data/test/png/3-3-X.png,http://ec2-3-19-47-35.us-east-2.compute.amazonaws.com/data/test/json/3d_5.json
291,４ (7.5 m),３ (8.33 m),4,16,300,X方向,121554,http://ec2-3-19-47-35.us-east-2.compute.amazonaws.com/data/test/png/3-3-X.png,http://ec2-3-19-47-35.us-east-2.compute.amazonaws.com/data/test/json/3d_6.json
292,４ (7.5 m),３ (8.33 m),4,8,300,X方向,120854,http://ec2-3-19-47-35.us-east-2.compute.amazonaws.com/data/test/png/3-3-X.png,http://ec2-3-19-47-35.us-east-2.compute.amazonaws.com/data/test/json/3d_7.json
293,４ (7.5 m),５ (5 m),8,16,300,X方向,124054,http://ec2-3-19-47-35.us-east-2.compute.amazonaws.com/data/test/png/3-5-X.png,http://ec2-3-19-47-35.us-east-2.compute.amazonaws.com/data/test/json/3d_8.json
294,４ (7.5 m),５ (5 m),8,8,300,X方向,119354,http://ec2-3-19-47-35.us-east-2.compute.amazonaws.com/data/test/png/3-5-X.png,http://ec2-3-19-47-35.us-east-2.compute.amazonaws.com/data/test/json/3d_9.json
295,４ (7.5 m),５ (5 m),4,16,300,X方向,117354,http://ec2-3-19-47-35.us-east-2.compute.amazonaws.com/data/test/png/3-5-X.png,http://ec2-3-19-47-35.us-east-2.compute.amazonaws.com/data/test/json/3d_10.json
296,４ (7.5 m),５ (5 m),4,8,300,X方向,125954,http://ec2-3-19-47-35.us-east-2.compute.amazonaws.com/data/test/png/3-5-X.png,http://ec2-3-19-47-35.us-east-2.compute.amazonaws.com/data/test/json/3d_11.json
297,４ (7.5 m),３ (8.33 m),8,16,300,X方向,115354,http://ec2-3-19-47-35.us-east-2.compute.amazonaws.com/data/test/png/3-3-X.png,http://ec2-3-19-47-35.us-east-2.compute.amazonaws.com/data/test/json/3d_12.json
298,４ (7.5 m),３ (8.33 m),8,8,300,X方向,121154,http://ec2-3-19-47-35.us-east-2.compute.amazonaws.com/data/test/png/3-3-X.png,http://ec2-3-19-47-35.us-east-2.compute.amazonaws.com/data/test/json/3d_13.json
299,４ (7.5 m),３ (8.33 m),4,16,300,X方向,120154,http://ec2-3-19-47-35.us-east-2.compute.amazonaws.com/data/test/png/3-3-X.png,http://ec2-3-19-47-35.us-east-2.compute.amazonaws.com/data/test/json/3d_14.json
300,４ (7.5 m),３ (8.33 m),4,8,300,X方向,124254,http://ec2-3-19-47-35.us-east-2.compute.amazonaws.com/data/test/png/3-3-X.png,http://ec2-3-19-47-35.us-east-2.compute.amazonaws.com/data/test/json/3d_15.json
301,４ (7.5 m),５ (5 m),8,16,300,X方向,116254,http://ec2-3-19-47-35.us-east-2.compute.amazonaws.com/data/test/png/3-5-X.png,http://ec2-3-19-47-35.us-east-2.compute.amazonaws.com/data/test/json/3d_16.json
302,４ (7.5 m),５ (5 m),8,8,300,X方向,116954,http://ec2-3-19-47-35.us-east-2.compute.amazonaws.com/data/test/png/3-5-X.png,http://ec2-3-19-47-35.us-east-2.compute.amazonaws.com/data/test/json/3d_17.json
303,４ (7.5 m),５ (5 m),4,16,300,X方向,125054,http://ec2-3-19-47-35.us-east-2.compute.amazonaws.com/data/test/png/3-5-X.png,http://ec2-3-19-47-35.us-east-2.compute.amazonaws.com/data/test/json/3d_18.json
304,４ (7.5 m),５ (5 m),4,8,300,X方向,116354,http://ec2-3-19-47-35.us-east-2.compute.amazonaws.com/data/test/png/3-5-X.png,http://ec2-3-19-47-35.us-east-2.compute.amazonaws.com/data/test/json/3d_19.json
305,４ (7.5 m),３ (8.33 m),8,16,300,Y方向,121454,http://ec2-3-19-47-35.us-east-2.compute.amazonaws.com/data/test/png/3-3-Y.png,http://ec2-3-19-47-35.us-east-2.compute.amazonaws.com/data/test/json/3d_20.json
306,４ (7.5 m),３ (8.33 m),8,8,300,Y方向,125754,http://ec2-3-19-47-35.us-east-2.compute.amazonaws.com/data/test/png/3-3-Y.png,http://ec2-3-19-47-35.us-east-2.compute.amazonaws.com/data/test/json/3d_21.json
307,４ (7.5 m),３ (8.33 m),4,16,300,Y方向,118854,http://ec2-3-19-47-35.us-east-2.compute.amazonaws.com/data/test/png/3-3-Y.png,http://ec2-3-19-47-35.us-east-2.compute.amazonaws.com/data/test/json/3d_22.json
308,４ (7.5 m),３ (8.33 m),4,8,300,Y方向,125554,http://ec2-3-19-47-35.us-east-2.compute.amazonaws.com/data/test/png/3-3-Y.png,http://ec2-3-19-47-35.us-east-2.compute.amazonaws.com/data/test/json/3d_23.json
309,４ (7.5 m),５ (5 m),8,16,300,Y方向,118754,http://ec2-3-19-47-35.us-east-2.compute.amazonaws.com/data/test/png/3-5-Y.png,http://ec2-3-19-47-35.us-east-2.compute.amazonaws.com/data/test/json/3d_24.json
310,４ (7.5 m),５ (5 m),8,8,300,Y方向,115954,http://ec2-3-19-47-35.us-east-2.compute.amazonaws.com/data/test/png/3-5-Y.png,http://ec2-3-19-47-35.us-east-2.compute.amazonaws.com/data/test/json/3d_25.json
311,４ (7.5 m),５ (5 m),4,16,300,Y方向,117454,http://ec2-3-19-47-35.us-east-2.compute.amazonaws.com/data/test/png/3-5-Y.png,http://ec2-3-19-47-35.us-east-2.compute.amazonaws.com/data/test/json/3d_26.json
312,４ (7.5 m),５ (5 m),4,8,300,Y方向,114354,http://ec2-3-19-47-35.us-east-2.compute.amazonaws.com/data/test/png/3-5-Y.png,http://ec2-3-19-47-35.us-east-2.compute.amazonaws.com/data/test/json/3d_27.json
313,４ (7.5 m),３ (8.33 m),8,16,300,Y方向,120454,http://ec2-3-19-47-35.us-east-2.compute.amazonaws.com/data/test/png/3-3-Y.png,http://ec2-3-19-47-35.us-east-2.compute.amazonaws.com/data/test/json/3d_28.json
314,４ (7.5 m),３ (8.33 m),8,8,300,Y方向,117754,http://ec2-3-19-47-35.us-east-2.compute.amazonaws.com/data/test/png/3-3-Y.png,http://ec2-3-19-47-35.us-east-2.compute.amazonaws.com/data/test/json/3d_29.json
315,４ (7.5 m),３ (8.33 m),4,16,300,Y方向,121854,http://ec2-3-19-47-35.us-east-2.compute.amazonaws.com/data/test/png/3-3-Y.png,http://ec2-3-19-47-35.us-east-2.compute.amazonaws.com/data/test/json/3d_30.json
316,４ (7.5 m),３ (8.33 m),4,8,300,Y方向,124454,http://ec2-3-19-47-35.us-east-2.compute.amazonaws.com/data/test/png/3-3-Y.png,http://ec2-3-19-47-35.us-east-2.compute.amazonaws.com/data/test/json/3d_31.json
317,４ (7.5 m),５ (5 m),8,16,300,Y方向,117254,http://ec2-3-19-47-35.us-east-2.compute.amazonaws.com/data/test/png/3-5-Y.png,http://ec2-3-19-47-35.us-east-2.compute.amazonaws.com/data/test/json/3d_32.json
318,４ (7.5 m),５ (5 m),8,8,300,Y方向,120354,http://ec2-3-19-47-35.us-east-2.compute.amazonaws.com/data/test/png/3-5-Y.png,http://ec2-3-19-47-35.us-east-2.compute.amazonaws.com/data/test/json/3d_33.json
319,４ (7.5 m),５ (5 m),4,16,300,Y方向,126954,http://ec2-3-19-47-35.us-east-2.compute.amazonaws.com/data/test/png/3-5-Y.png,http://ec2-3-19-47-35.us-east-2.compute.amazonaws.com/data/test/json/3d_34.json
320,４ (7.5 m),５ (5 m),4,8,300,Y方向,126254,http://ec2-3-19-47-35.us-east-2.compute.amazonaws.com/data/test/png/3-5-Y.png,http://ec2-3-19-47-35.us-east-2.compute.amazonaws.com/data/test/json/3d_35.json
321,４ (7.5 m),３ (8.33 m),8,16,300,市松方向-1,122954,http://ec2-3-19-47-35.us-east-2.compute.amazonaws.com/data/test/png/3-3-XY-1.png,http://ec2-3-19-47-35.us-east-2.compute.amazonaws.com/data/test/json/3d_36.json
322,４ (7.5 m),３ (8.33 m),8,8,300,市松方向-1,124154,http://ec2-3-19-47-35.us-east-2.compute.amazonaws.com/data/test/png/3-3-XY-1.png,http://ec2-3-19-47-35.us-east-2.compute.amazonaws.com/data/test/json/3d_37.json
323,４ (7.5 m),３ (8.33 m),4,16,300,市松方向-1,120754,http://ec2-3-19-47-35.us-east-2.compute.amazonaws.com/data/test/png/3-3-XY-1.png,http://ec2-3-19-47-35.us-east-2.compute.amazonaws.com/data/test/json/3d_38.json
324,４ (7.5 m),３ (8.33 m),4,8,300,市松方向-1,118054,http://ec2-3-19-47-35.us-east-2.compute.amazonaws.com/data/test/png/3-3-XY-1.png,http://ec2-3-19-47-35.us-east-2.compute.amazonaws.com/data/test/json/3d_39.json
325,４ (7.5 m),５ (5 m),8,16,300,市松方向-1,121054,http://ec2-3-19-47-35.us-east-2.compute.amazonaws.com/data/test/png/3-5-XY-1.png,http://ec2-3-19-47-35.us-east-2.compute.amazonaws.com/data/test/json/3d_40.json
326,４ (7.5 m),５ (5 m),8,8,300,市松方向-1,122754,http://ec2-3-19-47-35.us-east-2.compute.amazonaws.com/data/test/png/3-5-XY-1.png,http://ec2-3-19-47-35.us-east-2.compute.amazonaws.com/data/test/json/3d_41.json
327,４ (7.5 m),５ (5 m),4,16,300,市松方向-1,125654,http://ec2-3-19-47-35.us-east-2.compute.amazonaws.com/data/test/png/3-5-XY-1.png,http://ec2-3-19-47-35.us-east-2.compute.amazonaws.com/data/test/json/3d_42.json
328,４ (7.5 m),５ (5 m),4,8,300,市松方向-1,124754,http://ec2-3-19-47-35.us-east-2.compute.amazonaws.com/data/test/png/3-5-XY-1.png,http://ec2-3-19-47-35.us-east-2.compute.amazonaws.com/data/test/json/3d_43.json
329,４ (7.5 m),３ (8.33 m),8,16,300,市松方向-1,125354,http://ec2-3-19-47-35.us-east-2.compute.amazonaws.com/data/test/png/3-3-XY-1.png,http://ec2-3-19-47-35.us-east-2.compute.amazonaws.com/data/test/json/3d_44.json
330,４ (7.5 m),３ (8.33 m),8,8,300,市松方向-1,126354,http://ec2-3-19-47-35.us-east-2.compute.amazonaws.com/data/test/png/3-3-XY-1.png,http://ec2-3-19-47-35.us-east-2.compute.amazonaws.com/data/test/json/3d_45.json
331,４ (7.5 m),３ (8.33 m),4,16,300,市松方向-1,121254,http://ec2-3-19-47-35.us-east-2.compute.amazonaws.com/data/test/png/3-3-XY-1.png,http://ec2-3-19-47-35.us-east-2.compute.amazonaws.com/data/test/json/3d_46.json
332,４ (7.5 m),３ (8.33 m),4,8,300,市松方向-1,126854,http://ec2-3-19-47-35.us-east-2.compute.amazonaws.com/data/test/png/3-3-XY-1.png,http://ec2-3-19-47-35.us-east-2.compute.amazonaws.com/data/test/json/3d_47.json
333,４ (7.5 m),５ (5 m),8,16,300,市松方向-1,124854,http://ec2-3-19-47-35.us-east-2.compute.amazonaws.com/data/test/png/3-5-XY-1.png,http://ec2-3-19-47-35.us-east-2.compute.amazonaws.com/data/test/json/3d_48.json
334,４ (7.5 m),５ (5 m),8,8,300,市松方向-1,115654,http://ec2-3-19-47-35.us-east-2.compute.amazonaws.com/data/test/png/3-5-XY-1.png,http://ec2-3-19-47-35.us-east-2.compute.amazonaws.com/data/test/json/3d_49.json
335,４ (7.5 m),５ (5 m),4,16,300,市松方向-1,120554,http://ec2-3-19-47-35.us-east-2.compute.amazonaws.com/data/test/png/3-5-XY-1.png,http://ec2-3-19-47-35.us-east-2.compute.amazonaws.com/data/test/json/3d_50.json
336,４ (7.5 m),５ (5 m),4,8,300,市松方向-1,116054,http://ec2-3-19-47-35.us-east-2.compute.amazonaws.com/data/test/png/3-5-XY-1.png,http://ec2-3-19-47-35.us-east-2.compute.amazonaws.com/data/test/json/3d_51.json
337,４ (7.5 m),３ (8.33 m),8,16,300,市松方向-2,122554,http://ec2-3-19-47-35.us-east-2.compute.amazonaws.com/data/test/png/3-3-XY-2.png,http://ec2-3-19-47-35.us-east-2.compute.amazonaws.com/data/test/json/3d_52.json
338,４ (7.5 m),３ (8.33 m),8,8,300,市松方向-2,123354,http://ec2-3-19-47-35.us-east-2.compute.amazonaws.com/data/test/png/3-3-XY-2.png,http://ec2-3-19-47-35.us-east-2.compute.amazonaws.com/data/test/json/3d_53.json
339,４ (7.5 m),３ (8.33 m),4,16,300,市松方向-2,123454,http://ec2-3-19-47-35.us-east-2.compute.amazonaws.com/data/test/png/3-3-XY-2.png,http://ec2-3-19-47-35.us-east-2.compute.amazonaws.com/data/test/json/3d_54.json
340,４ (7.5 m),３ (8.33 m),4,8,300,市松方向-2,116854,http://ec2-3-19-47-35.us-east-2.compute.amazonaws.com/data/test/png/3-3-XY-2.png,http://ec2-3-19-47-35.us-east-2.compute.amazonaws.com/data/test/json/3d_55.json
341,４ (7.5 m),５ (5 m),8,16,300,市松方向-2,126454,http://ec2-3-19-47-35.us-east-2.compute.amazonaws.com/data/test/png/3-5-XY-2.png,http://ec2-3-19-47-35.us-east-2.compute.amazonaws.com/data/test/json/3d_56.json
342,４ (7.5 m),５ (5 m),8,8,300,市松方向-2,121654,http://ec2-3-19-47-35.us-east-2.compute.amazonaws.com/data/test/png/3-5-XY-2.png,http://ec2-3-19-47-35.us-east-2.compute.amazonaws.com/data/test/json/3d_57.json
343,４ (7.5 m),５ (5 m),4,16,300,市松方向-2,124654,http://ec2-3-19-47-35.us-east-2.compute.amazonaws.com/data/test/png/3-5-XY-2.png,http://ec2-3-19-47-35.us-east-2.compute.amazonaws.com/data/test/json/3d_58.json
344,４ (7.5 m),５ (5 m),4,8,300,市松方向-2,122154,http://ec2-3-19-47-35.us-east-2.compute.amazonaws.com/data/test/png/3-5-XY-2.png,http://ec2-3-19-47-35.us-east-2.compute.amazonaws.com/data/test/json/3d_59.json
345,４ (7.5 m),３ (8.33 m),8,16,300,市松方向-2,115454,http://ec2-3-19-47-35.us-east-2.compute.amazonaws.com/data/test/png/3-3-XY-2.png,http://ec2-3-19-47-35.us-east-2.compute.amazonaws.com/data/test/json/3d_60.json
346,４ (7.5 m),３ (8.33 m),8,8,300,市松方向-2,116654,http://ec2-3-19-47-35.us-east-2.compute.amazonaws.com/data/test/png/3-3-XY-2.png,http://ec2-3-19-47-35.us-east-2.compute.amazonaws.com/data/test/json/3d_61.json
347,４ (7.5 m),３ (8.33 m),4,16,300,市松方向-2,122654,http://ec2-3-19-47-35.us-east-2.compute.amazonaws.com/data/test/png/3-3-XY-2.png,http://ec2-3-19-47-35.us-east-2.compute.amazonaws.com/data/test/json/3d_62.json
348,４ (7.5 m),３ (8.33 m),4,8,300,市松方向-2,121354,http://ec2-3-19-47-35.us-east-2.compute.amazonaws.com/data/test/png/3-3-XY-2.png,http://ec2-3-19-47-35.us-east-2.compute.amazonaws.com/data/test/json/3d_63.json
349,４ (7.5 m),５ (5 m),8,16,300,市松方向-2,114654,http://ec2-3-19-47-35.us-east-2.compute.amazonaws.com/data/test/png/3-5-XY-2.png,http://ec2-3-19-47-35.us-east-2.compute.amazonaws.com/data/test/json/3d_64.json
350,４ (7.5 m),５ (5 m),8,8,300,市松方向-2,115154,http://ec2-3-19-47-35.us-east-2.compute.amazonaws.com/data/test/png/3-5-XY-2.png,http://ec2-3-19-47-35.us-east-2.compute.amazonaws.com/data/test/json/3d_65.json
351,４ (7.5 m),５ (5 m),4,16,300,市松方向-2,115054,http://ec2-3-19-47-35.us-east-2.compute.amazonaws.com/data/test/png/3-5-XY-2.png,http://ec2-3-19-47-35.us-east-2.compute.amazonaws.com/data/test/json/3d_66.json
352,４ (7.5 m),５ (5 m),4,8,300,市松方向-2,119454,http://ec2-3-19-47-35.us-east-2.compute.amazonaws.com/data/test/png/3-5-XY-2.png,http://ec2-3-19-47-35.us-east-2.compute.amazonaws.com/data/test/json/3d_67.json
353,４ (7.5 m),３ (8.33 m),8,16,500,X方向,123054,http://ec2-3-19-47-35.us-east-2.compute.amazonaws.com/data/test/png/3-3-X.png,http://ec2-3-19-47-35.us-east-2.compute.amazonaws.com/data/test/json/3d_68.json
354,４ (7.5 m),３ (8.33 m),8,8,500,X方向,118954,http://ec2-3-19-47-35.us-east-2.compute.amazonaws.com/data/test/png/3-3-X.png,http://ec2-3-19-47-35.us-east-2.compute.amazonaws.com/data/test/json/3d_69.json
355,４ (7.5 m),３ (8.33 m),4,16,500,X方向,122054,http://ec2-3-19-47-35.us-east-2.compute.amazonaws.com/data/test/png/3-3-X.png,http://ec2-3-19-47-35.us-east-2.compute.amazonaws.com/data/test/json/3d_70.json
356,４ (7.5 m),３ (8.33 m),4,8,500,X方向,122254,http://ec2-3-19-47-35.us-east-2.compute.amazonaws.com/data/test/png/3-3-X.png,http://ec2-3-19-47-35.us-east-2.compute.amazonaws.com/data/test/json/3d_71.json
357,４ (7.5 m),５ (5 m),8,16,500,X方向,126554,http://ec2-3-19-47-35.us-east-2.compute.amazonaws.com/data/test/png/3-5-X.png,http://ec2-3-19-47-35.us-east-2.compute.amazonaws.com/data/test/json/3d_72.json
358,４ (7.5 m),５ (5 m),8,8,500,X方向,117154,http://ec2-3-19-47-35.us-east-2.compute.amazonaws.com/data/test/png/3-5-X.png,http://ec2-3-19-47-35.us-east-2.compute.amazonaws.com/data/test/json/3d_73.json
359,４ (7.5 m),５ (5 m),4,16,500,X方向,116554,http://ec2-3-19-47-35.us-east-2.compute.amazonaws.com/data/test/png/3-5-X.png,http://ec2-3-19-47-35.us-east-2.compute.amazonaws.com/data/test/json/3d_74.json
360,４ (7.5 m),５ (5 m),4,8,500,X方向,121954,http://ec2-3-19-47-35.us-east-2.compute.amazonaws.com/data/test/png/3-5-X.png,http://ec2-3-19-47-35.us-east-2.compute.amazonaws.com/data/test/json/3d_75.json
361,４ (7.5 m),３ (8.33 m),8,16,500,X方向,119654,http://ec2-3-19-47-35.us-east-2.compute.amazonaws.com/data/test/png/3-3-X.png,http://ec2-3-19-47-35.us-east-2.compute.amazonaws.com/data/test/json/3d_76.json
362,４ (7.5 m),３ (8.33 m),8,8,500,X方向,114554,http://ec2-3-19-47-35.us-east-2.compute.amazonaws.com/data/test/png/3-3-X.png,http://ec2-3-19-47-35.us-east-2.compute.amazonaws.com/data/test/json/3d_77.json
363,４ (7.5 m),３ (8.33 m),4,16,500,X方向,114954,http://ec2-3-19-47-35.us-east-2.compute.amazonaws.com/data/test/png/3-3-X.png,http://ec2-3-19-47-35.us-east-2.compute.amazonaws.com/data/test/json/3d_78.json
364,４ (7.5 m),３ (8.33 m),4,8,500,X方向,117954,http://ec2-3-19-47-35.us-east-2.compute.amazonaws.com/data/test/png/3-3-X.png,http://ec2-3-19-47-35.us-east-2.compute.amazonaws.com/data/test/json/3d_79.json
365,４ (7.5 m),５ (5 m),8,16,500,X方向,119254,http://ec2-3-19-47-35.us-east-2.compute.amazonaws.com/data/test/png/3-5-X.png,http://ec2-3-19-47-35.us-east-2.compute.amazonaws.com/data/test/json/3d_80.json
366,４ (7.5 m),５ (5 m),8,8,500,X方向,114454,http://ec2-3-19-47-35.us-east-2.compute.amazonaws.com/data/test/png/3-5-X.png,http://ec2-3-19-47-35.us-east-2.compute.amazonaws.com/data/test/json/3d_81.json
367,４ (7.5 m),５ (5 m),4,16,500,X方向,116154,http://ec2-3-19-47-35.us-east-2.compute.amazonaws.com/data/test/png/3-5-X.png,http://ec2-3-19-47-35.us-east-2.compute.amazonaws.com/data/test/json/3d_82.json
368,４ (7.5 m),５ (5 m),4,8,500,X方向,126654,http://ec2-3-19-47-35.us-east-2.compute.amazonaws.com/data/test/png/3-5-X.png,http://ec2-3-19-47-35.us-east-2.compute.amazonaws.com/data/test/json/3d_83.json
369,４ (7.5 m),３ (8.33 m),8,16,500,Y方向,119154,http://ec2-3-19-47-35.us-east-2.compute.amazonaws.com/data/test/png/3-3-Y.png,http://ec2-3-19-47-35.us-east-2.compute.amazonaws.com/data/test/json/3d_84.json
370,４ (7.5 m),３ (8.33 m),8,8,500,Y方向,124554,http://ec2-3-19-47-35.us-east-2.compute.amazonaws.com/data/test/png/3-3-Y.png,http://ec2-3-19-47-35.us-east-2.compute.amazonaws.com/data/test/json/3d_85.json
371,４ (7.5 m),３ (8.33 m),4,16,500,Y方向,120254,http://ec2-3-19-47-35.us-east-2.compute.amazonaws.com/data/test/png/3-3-Y.png,http://ec2-3-19-47-35.us-east-2.compute.amazonaws.com/data/test/json/3d_86.json
372,４ (7.5 m),３ (8.33 m),4,8,500,Y方向,126054,http://ec2-3-19-47-35.us-east-2.compute.amazonaws.com/data/test/png/3-3-Y.png,http://ec2-3-19-47-35.us-east-2.compute.amazonaws.com/data/test/json/3d_87.json
373,４ (7.5 m),５ (5 m),8,16,500,Y方向,125854,http://ec2-3-19-47-35.us-east-2.compute.amazonaws.com/data/test/png/3-5-Y.png,http://ec2-3-19-47-35.us-east-2.compute.amazonaws.com/data/test/json/3d_88.json
374,４ (7.5 m),５ (5 m),8,8,500,Y方向,117554,http://ec2-3-19-47-35.us-east-2.compute.amazonaws.com/data/test/png/3-5-Y.png,http://ec2-3-19-47-35.us-east-2.compute.amazonaws.com/data/test/json/3d_89.json
375,４ (7.5 m),５ (5 m),4,16,500,Y方向,118154,http://ec2-3-19-47-35.us-east-2.compute.amazonaws.com/data/test/png/3-5-Y.png,http://ec2-3-19-47-35.us-east-2.compute.amazonaws.com/data/test/json/3d_90.json
376,４ (7.5 m),５ (5 m),4,8,500,Y方向,118454,http://ec2-3-19-47-35.us-east-2.compute.amazonaws.com/data/test/png/3-5-Y.png,http://ec2-3-19-47-35.us-east-2.compute.amazonaws.com/data/test/json/3d_91.json
377,４ (7.5 m),３ (8.33 m),8,16,500,Y方向,123654,http://ec2-3-19-47-35.us-east-2.compute.amazonaws.com/data/test/png/3-3-Y.png,http://ec2-3-19-47-35.us-east-2.compute.amazonaws.com/data/test/json/3d_92.json
378,４ (7.5 m),３ (8.33 m),8,8,500,Y方向,119854,http://ec2-3-19-47-35.us-east-2.compute.amazonaws.com/data/test/png/3-3-Y.png,http://ec2-3-19-47-35.us-east-2.compute.amazonaws.com/data/test/json/3d_93.json
379,４ (7.5 m),３ (8.33 m),4,16,500,Y方向,123154,http://ec2-3-19-47-35.us-east-2.compute.amazonaws.com/data/test/png/3-3-Y.png,http://ec2-3-19-47-35.us-east-2.compute.amazonaws.com/data/test/json/3d_94.json
380,４ (7.5 m),３ (8.33 m),4,8,500,Y方向,123254,http://ec2-3-19-47-35.us-east-2.compute.amazonaws.com/data/test/png/3-3-Y.png,http://ec2-3-19-47-35.us-east-2.compute.amazonaws.com/data/test/json/3d_95.json
381,４ (7.5 m),５ (5 m),8,16,500,Y方向,124354,http://ec2-3-19-47-35.us-east-2.compute.amazonaws.com/data/test/png/3-5-Y.png,http://ec2-3-19-47-35.us-east-2.compute.amazonaws.com/data/test/json/3d_96.json
382,４ (7.5 m),５ (5 m),8,8,500,Y方向,115554,http://ec2-3-19-47-35.us-east-2.compute.amazonaws.com/data/test/png/3-5-Y.png,http://ec2-3-19-47-35.us-east-2.compute.amazonaws.com/data/test/json/3d_97.json
383,４ (7.5 m),５ (5 m),4,16,500,Y方向,123754,http://ec2-3-19-47-35.us-east-2.compute.amazonaws.com/data/test/png/3-5-Y.png,http://ec2-3-19-47-35.us-east-2.compute.amazonaws.com/data/test/json/3d_98.json
384,４ (7.5 m),５ (5 m),4,8,500,Y方向,116454,http://ec2-3-19-47-35.us-east-2.compute.amazonaws.com/data/test/png/3-5-Y.png,http://ec2-3-19-47-35.us-east-2.compute.amazonaws.com/data/test/json/3d_99.json
385,４ (7.5 m),３ (8.33 m),8,16,500,市松方向-1,114754,http://ec2-3-19-47-35.us-east-2.compute.amazonaws.com/data/test/png/3-3-XY-1.png,http://ec2-3-19-47-35.us-east-2.compute.amazonaws.com/data/test/json/3d_100.json
386,４ (7.5 m),３ (8.33 m),8,8,500,市松方向-1,118654,http://ec2-3-19-47-35.us-east-2.compute.amazonaws.com/data/test/png/3-3-XY-1.png,http://ec2-3-19-47-35.us-east-2.compute.amazonaws.com/data/test/json/3d_101.json
387,４ (7.5 m),３ (8.33 m),4,16,500,市松方向-1,120054,http://ec2-3-19-47-35.us-east-2.compute.amazonaws.com/data/test/png/3-3-XY-1.png,http://ec2-3-19-47-35.us-east-2.compute.amazonaws.com/data/test/json/3d_102.json
388,４ (7.5 m),３ (8.33 m),4,8,500,市松方向-1,119554,http://ec2-3-19-47-35.us-east-2.compute.amazonaws.com/data/test/png/3-3-XY-1.png,http://ec2-3-19-47-35.us-east-2.compute.amazonaws.com/data/test/json/3d_103.json
389,４ (7.5 m),５ (5 m),8,16,500,市松方向-1,123854,http://ec2-3-19-47-35.us-east-2.compute.amazonaws.com/data/test/png/3-5-XY-1.png,http://ec2-3-19-47-35.us-east-2.compute.amazonaws.com/data/test/json/3d_104.json
390,４ (7.5 m),５ (5 m),8,8,500,市松方向-1,122454,http://ec2-3-19-47-35.us-east-2.compute.amazonaws.com/data/test/png/3-5-XY-1.png,http://ec2-3-19-47-35.us-east-2.compute.amazonaws.com/data/test/json/3d_105.json
391,４ (7.5 m),５ (5 m),4,16,500,市松方向-1,125154,http://ec2-3-19-47-35.us-east-2.compute.amazonaws.com/data/test/png/3-5-XY-1.png,http://ec2-3-19-47-35.us-east-2.compute.amazonaws.com/data/test/json/3d_106.json
392,４ (7.5 m),５ (5 m),4,8,500,市松方向-1,118554,http://ec2-3-19-47-35.us-east-2.compute.amazonaws.com/data/test/png/3-5-XY-1.png,http://ec2-3-19-47-35.us-east-2.compute.amazonaws.com/data/test/json/3d_107.json
393,４ (7.5 m),３ (8.33 m),8,16,500,市松方向-1,123554,http://ec2-3-19-47-35.us-east-2.compute.amazonaws.com/data/test/png/3-3-XY-1.png,http://ec2-3-19-47-35.us-east-2.compute.amazonaws.com/data/test/json/3d_108.json
394,４ (7.5 m),３ (8.33 m),8,8,500,市松方向-1,125254,http://ec2-3-19-47-35.us-east-2.compute.amazonaws.com/data/test/png/3-3-XY-1.png,http://ec2-3-19-47-35.us-east-2.compute.amazonaws.com/data/test/json/3d_109.json
395,４ (7.5 m),３ (8.33 m),4,16,500,市松方向-1,122354,http://ec2-3-19-47-35.us-east-2.compute.amazonaws.com/data/test/png/3-3-XY-1.png,http://ec2-3-19-47-35.us-east-2.compute.amazonaws.com/data/test/json/3d_110.json
396,４ (7.5 m),３ (8.33 m),4,8,500,市松方向-1,126154,http://ec2-3-19-47-35.us-east-2.compute.amazonaws.com/data/test/png/3-3-XY-1.png,http://ec2-3-19-47-35.us-east-2.compute.amazonaws.com/data/test/json/3d_111.json
397,４ (7.5 m),５ (5 m),8,16,500,市松方向-1,117054,http://ec2-3-19-47-35.us-east-2.compute.amazonaws.com/data/test/png/3-5-XY-1.png,http://ec2-3-19-47-35.us-east-2.compute.amazonaws.com/data/test/json/3d_112.json
398,４ (7.5 m),５ (5 m),8,8,500,市松方向-1,116754,http://ec2-3-19-47-35.us-east-2.compute.amazonaws.com/data/test/png/3-5-XY-1.png,http://ec2-3-19-47-35.us-east-2.compute.amazonaws.com/data/test/json/3d_113.json
399,４ (7.5 m),５ (5 m),4,16,500,市松方向-1,115854,http://ec2-3-19-47-35.us-east-2.compute.amazonaws.com/data/test/png/3-5-XY-1.png,http://ec2-3-19-47-35.us-east-2.compute.amazonaws.com/data/test/json/3d_114.json
400,４ (7.5 m),５ (5 m),4,8,500,市松方向-1,115754,http://ec2-3-19-47-35.us-east-2.compute.amazonaws.com/data/test/png/3-5-XY-1.png,http://ec2-3-19-47-35.us-east-2.compute.amazonaws.com/data/test/json/3d_115.json
401,４ (7.5 m),３ (8.33 m),8,16,500,市松方向-2,117854,http://ec2-3-19-47-35.us-east-2.compute.amazonaws.com/data/test/png/3-3-XY-2.png,http://ec2-3-19-47-35.us-east-2.compute.amazonaws.com/data/test/json/3d_116.json
402,４ (7.5 m),３ (8.33 m),8,8,500,市松方向-2,121754,http://ec2-3-19-47-35.us-east-2.compute.amazonaws.com/data/test/png/3-3-XY-2.png,http://ec2-3-19-47-35.us-east-2.compute.amazonaws.com/data/test/json/3d_117.json
403,４ (7.5 m),３ (8.33 m),4,16,500,市松方向-2,114254,http://ec2-3-19-47-35.us-east-2.compute.amazonaws.com/data/test/png/3-3-XY-2.png,http://ec2-3-19-47-35.us-east-2.compute.amazonaws.com/data/test/json/3d_118.json
404,４ (7.5 m),３ (8.33 m),4,8,500,市松方向-2,114854,http://ec2-3-19-47-35.us-east-2.compute.amazonaws.com/data/test/png/3-3-XY-2.png,http://ec2-3-19-47-35.us-east-2.compute.amazonaws.com/data/test/json/3d_119.json
405,４ (7.5 m),５ (5 m),8,16,500,市松方向-2,118254,http://ec2-3-19-47-35.us-east-2.compute.amazonaws.com/data/test/png/3-5-XY-2.png,http://ec2-3-19-47-35.us-east-2.compute.amazonaws.com/data/test/json/3d_120.json
406,４ (7.5 m),５ (5 m),8,8,500,市松方向-2,119054,http://ec2-3-19-47-35.us-east-2.compute.amazonaws.com/data/test/png/3-5-XY-2.png,http://ec2-3-19-47-35.us-east-2.compute.amazonaws.com/data/test/json/3d_121.json
407,４ (7.5 m),５ (5 m),4,16,500,市松方向-2,119754,http://ec2-3-19-47-35.us-east-2.compute.amazonaws.com/data/test/png/3-5-XY-2.png,http://ec2-3-19-47-35.us-east-2.compute.amazonaws.com/data/test/json/3d_122.json
408,４ (7.5 m),５ (5 m),4,8,500,市松方向-2,125454,http://ec2-3-19-47-35.us-east-2.compute.amazonaws.com/data/test/png/3-5-XY-2.png,http://ec2-3-19-47-35.us-east-2.compute.amazonaws.com/data/test/json/3d_123.json
409,４ (7.5 m),３ (8.33 m),8,16,500,市松方向-2,126754,http://ec2-3-19-47-35.us-east-2.compute.amazonaws.com/data/test/png/3-3-XY-2.png,http://ec2-3-19-47-35.us-east-2.compute.amazonaws.com/data/test/json/3d_124.json
410,４ (7.5 m),３ (8.33 m),8,8,500,市松方向-2,119954,http://ec2-3-19-47-35.us-east-2.compute.amazonaws.com/data/test/png/3-3-XY-2.png,http://ec2-3-19-47-35.us-east-2.compute.amazonaws.com/data/test/json/3d_125.json
411,４ (7.5 m),３ (8.33 m),4,16,500,市松方向-2,120654,http://ec2-3-19-47-35.us-east-2.compute.amazonaws.com/data/test/png/3-3-XY-2.png,http://ec2-3-19-47-35.us-east-2.compute.amazonaws.com/data/test/json/3d_126.json
412,４ (7.5 m),３ (8.33 m),4,8,500,市松方向-2,117654,http://ec2-3-19-47-35.us-east-2.compute.amazonaws.com/data/test/png/3-3-XY-2.png,http://ec2-3-19-47-35.us-east-2.compute.amazonaws.com/data/test/json/3d_127.json
413,４ (7.5 m),５ (5 m),8,16,500,市松方向-2,122854,http://ec2-3-19-47-35.us-east-2.compute.amazonaws.com/data/test/png/3-5-XY-2.png,http://ec2-3-19-47-35.us-east-2.compute.amazonaws.com/data/test/json/3d_128.json
414,４ (7.5 m),５ (5 m),8,8,500,市松方向-2,118354,http://ec2-3-19-47-35.us-east-2.compute.amazonaws.com/data/test/png/3-5-XY-2.png,http://ec2-3-19-47-35.us-east-2.compute.amazonaws.com/data/test/json/3d_1.json
415,４ (7.5 m),５ (5 m),4,16,500,市松方向-2,123954,http://ec2-3-19-47-35.us-east-2.compute.amazonaws.com/data/test/png/3-5-XY-2.png,http://ec2-3-19-47-35.us-east-2.compute.amazonaws.com/data/test/json/3d_5.json
416,４ (7.5 m),５ (5 m),4,8,500,市松方向-2,120954,http://ec2-3-19-47-35.us-east-2.compute.amazonaws.com/data/test/png/3-5-XY-2.png,http://ec2-3-19-47-35.us-east-2.compute.amazonaws.com/data/test/json/3d_6.json
